volatile acidity,citric acid,residual sugar,chlorides,total sulfur dioxide,density,sulphates,alcohol,quality_label
0.7,0.0,1.0647107369924282,0.07325046173959267,3.5553480614894135,0.9978,0.44468582126144574,9.4,Low
0.88,0.0,1.2809338454620642,0.0934903430873389,4.219507705176107,0.9968,0.5187937934151675,9.8,Low
0.76,0.04,1.1939224684724346,0.0880108773227133,4.007333185232471,0.997,0.5007752879124893,9.8,Low
0.28,0.56,1.0647107369924282,0.07232066157962612,4.110873864173311,0.998,0.4574248470388754,9.8,Low
0.7,0.0,1.0647107369924282,0.07325046173959267,3.5553480614894135,0.9978,0.44468582126144574,9.4,Low
0.66,0.0,1.0296194171811581,0.07232066157962612,3.713572066704308,0.9978,0.44468582126144574,9.4,Low
0.6,0.06,0.9555114450274363,0.06672363204290818,4.0943445622221,0.9964,0.3784364357202451,9.4,Low
0.65,0.0,0.7884573603642702,0.06297479916138844,3.091042453358316,0.9946,0.3852624007906449,10.0,Medium-High
0.58,0.02,1.0986122886681098,0.07045846364856141,2.9444389791664403,0.9968,0.4510756193602166,9.5,Medium-High
0.58,0.08,1.0296194171811581,0.0925791812930931,4.189654742026425,0.9959,0.43178241642553783,9.2,Low
0.615,0.0,0.9555114450274363,0.08525984395082342,4.0943445622221,0.9943,0.41871033485818504,9.9,Low
0.61,0.29,0.9555114450274363,0.10795714150509228,3.4011973816621555,0.9974,0.9400072584914712,9.1,Low
0.28,0.56,1.0296194171811581,0.0880108773227133,4.6443908991413725,0.9969,0.5596157879354227,10.5,Medium-High
0.32,0.51,1.0296194171811581,0.2934156042995415,4.04305126783455,0.9969,0.7323678937132266,9.2,Low
0.39,0.31,1.1939224684724346,0.0788111804242897,4.276666119016055,0.9982,0.5007752879124893,9.7,Low
0.43,0.21,0.9555114450274363,0.10074990310014306,3.6375861597263857,0.9966,0.6471032420585384,9.5,Low
0.49,0.11,1.1939224684724346,0.08065790301745447,4.219507705176107,0.9968,0.4252677354043441,9.4,Low
0.4,0.14,1.2237754316221157,0.08157998699242289,3.713572066704308,0.9968,0.48858001481867097,9.7,Low
0.39,0.16,0.8754687373538999,0.07696104113612832,3.1780538303479458,0.9955,0.44468582126144574,9.3,Low
0.41,0.24,1.0296194171811581,0.07696104113612832,2.4849066497880004,0.9962,0.4637340162321401,9.5,Low
0.71,0.0,1.0647107369924282,0.07696104113612832,3.58351893845611,0.9972,0.4382549309311553,9.4,Low
0.645,0.0,1.0986122886681098,0.0788111804242897,2.833213344056216,0.9964,0.4637340162321401,9.8,Low
0.675,0.07,1.2237754316221157,0.08525984395082342,4.418840607796598,0.9958,0.43178241642553783,10.1,Low
0.655,0.12,1.1939224684724346,0.07973496801885356,4.736198448394496,0.9966,0.5068176023684519,9.8,Low
0.32,0.25,1.0296194171811581,0.09803374027136541,3.9318256327243257,0.9957,0.4382549309311553,9.2,Low
0.645,0.0,1.8718021769015913,0.08250122151174369,2.9444389791664403,0.9986,0.4382549309311553,9.6,Low
0.6,0.14,1.2237754316221157,0.08250122151174369,2.772588722239781,0.9975,0.4700036292457356,10.8,Low
0.38,0.28,1.1314021114911006,0.0639133257436528,3.4339872044851463,0.9968,0.5481214085096876,9.7,Medium-High
0.45,0.36,1.9315214116032138,0.07138999608667293,4.477336814478207,0.9978,0.6043159668533294,10.5,Low
0.61,0.3,1.33500106673234,0.08434114843375087,3.8501476017100584,0.9976,0.412109650826833,9.3,Low
0.49,0.2,1.2809338454620642,0.2866815721181974,2.70805020110221,0.9968,0.6418538861723948,10.5,Low
0.66,0.22,1.1631508098056809,0.06672363204290818,3.1780538303479458,0.9968,0.7884573603642702,10.3,Low
0.52,0.15,1.1314021114911006,0.05259245011917058,4.189654742026425,0.9934,0.44468582126144574,13.1,Low
0.935,0.43,1.1631508098056809,0.10795714150509228,4.74493212836325,0.997,0.5481214085096876,9.2,Low
0.66,0.26,0.9932517730102833,0.07138999608667293,3.1780538303479458,0.9971,0.5538851132264376,9.2,Low
0.52,0.04,1.1631508098056809,0.06672363204290818,2.772588722239781,0.9956,0.48858001481867097,9.4,Low
0.5,0.04,1.1314021114911006,0.0657877405380031,2.70805020110221,0.9955,0.49469624183610705,9.4,Low
0.38,0.36,1.3862943611198906,0.07788653865707124,4.787491742782046,0.997,0.44468582126144574,9.4,Low
0.51,0.15,1.33500106673234,0.10436001532424277,4.30406509320417,0.9955,0.48858001481867097,10.2,Low
0.42,0.57,1.4816045409242156,0.06765864847381481,2.3978952727983707,0.9971,0.48858001481867097,9.6,Low
0.59,0.18,1.1939224684724346,0.07325046173959267,4.007333185232471,0.9975,0.4637340162321401,10.0,Low
0.39,0.31,1.2237754316221157,0.07138999608667293,3.8501476017100584,0.9962,0.43178241642553783,9.4,Low
0.4,0.4,1.1631508098056809,0.07603468627599762,3.970291913552122,0.998,0.49469624183610705,9.2,Low
0.69,0.49,1.0296194171811581,0.10885440491208209,4.727387818712341,0.9968,0.5364933705145685,9.3,Low
0.735,0.05,1.0986122886681098,0.07788653865707124,4.007333185232471,0.9966,0.4510756193602166,9.8,Low
0.725,0.05,1.7316555451583497,0.08250122151174369,2.4849066497880004,0.9962,0.3293037471426004,10.9,Low
0.725,0.05,1.7316555451583497,0.08250122151174369,2.4849066497880004,0.9962,0.3293037471426004,10.9,Low
0.705,0.07,0.9555114450274363,0.07325046173959267,2.772588722239781,0.9962,0.4574248470388754,10.7,Low
0.705,0.05,1.0647107369924282,0.07138999608667293,2.995732273553991,0.9962,0.6678293725756554,10.5,Low
0.69,0.22,1.0647107369924282,0.08065790301745447,4.553876891600541,0.9961,0.3920420877760237,9.5,Low
0.675,0.26,1.1314021114911006,0.08065790301745447,3.784189633918261,0.9976,0.4252677354043441,9.2,Low
0.41,0.64,1.1631508098056809,0.08892620919440151,3.7612001156935624,0.9986,0.5068176023684519,10.5,Low
0.785,0.0,1.2237754316221157,0.09893994785490356,3.4339872044851463,0.9966,0.4382549309311553,10.7,Low
0.75,0.12,1.0986122886681098,0.08250122151174369,4.394449154672439,0.9958,0.41871033485818504,10.1,Low
0.625,0.2,0.9162907318741551,0.07696104113612832,4.787491742782046,0.9972,0.7514160886839212,9.1,Low
0.45,0.2,0.9555114450274363,0.06672363204290818,2.772588722239781,0.9958,0.44468582126144574,9.2,Low
0.5,0.47,1.0986122886681098,0.08250122151174369,4.30406509320417,0.997,0.4510756193602166,9.1,Low
0.3,0.48,1.0296194171811581,0.06672363204290818,4.127134385045092,0.9959,0.5766133643039938,10.3,Low
0.55,0.15,1.1631508098056809,0.07325046173959267,3.713572066704308,0.9961,0.4637340162321401,10.1,Low
0.49,0.28,1.0647107369924282,0.10436001532424277,4.919980925828125,0.9972,1.0818051703517284,9.9,Low
0.49,0.26,1.0647107369924282,0.06015392281974709,3.4657359027997265,0.9966,0.49469624183610705,9.6,Low
0.39,0.44,1.1314021114911006,0.10165365372649983,4.836281906951478,0.9978,0.7975071958841881,9.5,Low
0.62,0.08,1.0296194171811581,0.07325046173959267,3.2188758248682006,0.9978,0.4252677354043441,9.0,Low
0.52,0.26,1.0647107369924282,0.07603468627599762,4.948759890378168,0.9964,0.43178241642553783,9.5,Low
0.49,0.28,1.0647107369924282,0.10436001532424277,4.919980925828125,0.9972,1.0818051703517284,9.9,Low
0.49,0.26,1.0647107369924282,0.06015392281974709,3.4657359027997265,0.9966,0.49469624183610705,9.6,Low
1.02,0.04,0.8754687373538999,0.04401688541677433,4.454347296253507,0.9938,0.3920420877760237,10.5,Low
0.775,0.0,1.3862943611198906,0.09712671073072274,3.1780538303479458,0.9965,0.44468582126144574,10.7,Low
0.9,0.06,1.252762968495368,0.07603468627599762,2.3978952727983707,0.9967,0.44468582126144574,9.8,Low
0.545,0.18,1.0647107369924282,0.07696104113612832,3.58351893845611,0.9972,0.4637340162321401,9.0,Low
0.61,0.3,1.1314021114911006,0.08065790301745447,3.9318256327243257,0.9972,0.4762341789963716,10.2,Low
0.545,0.18,1.0647107369924282,0.07696104113612832,3.58351893845611,0.9972,0.4637340162321401,9.0,Low
0.575,0.22,1.1314021114911006,0.07417939817425151,4.189654742026425,0.9967,0.412109650826833,9.2,Low
0.49,0.24,1.1631508098056809,0.06765864847381481,3.6109179126442243,0.996,0.3920420877760237,9.4,Low
0.575,0.22,1.1314021114911006,0.07417939817425151,4.189654742026425,0.9967,0.412109650826833,9.2,Low
0.41,0.68,0.9932517730102833,0.3832194991608447,4.248495242049359,0.9973,0.8372475245337022,9.3,Low
0.63,0.31,0.9932517730102833,0.08434114843375087,4.174387269895637,0.9969,0.5822156198526637,9.3,Low
0.56,0.19,1.0296194171811581,0.09893994785490356,3.871201010907891,0.9964,0.6575200029167941,9.5,Low
0.62,0.09,1.1631508098056809,0.08065790301745447,4.6913478822291435,0.9964,0.5068176023684519,9.8,Low
0.31,0.44,1.1939224684724346,0.07696104113612832,3.8501476017100584,0.9988,0.5128236264286639,9.7,Low
0.56,0.19,1.0296194171811581,0.09893994785490356,3.871201010907891,0.9964,0.6575200029167941,9.5,Low
0.4,0.31,1.1631508098056809,0.08617769624105233,4.143134726391533,0.9966,0.48858001481867097,10.5,Low
0.54,0.28,1.0647107369924282,0.07417939817425151,3.713572066704308,0.9978,0.4762341789963716,10.0,Low
1.07,0.09,0.9932517730102833,0.16381808522939498,4.499809670330265,0.9962,0.4510756193602166,9.0,Low
0.55,0.04,1.1631508098056809,0.11243542932978817,4.04305126783455,0.9962,0.4700036292457356,10.9,Low
0.695,0.0,1.252762968495368,0.07232066157962612,2.6390573296152584,0.998,0.41871033485818504,9.2,Low
0.5,0.17,0.9555114450274363,0.0788111804242897,4.634728988229636,0.996,0.3920420877760237,9.5,Low
1.33,0.0,0.9932517730102833,0.07788653865707124,2.5649493574615367,0.9964,0.3987761199573678,10.9,Low
1.33,0.0,1.0296194171811581,0.0788111804242897,2.5649493574615367,0.9964,0.3920420877760237,10.9,Low
0.59,0.16,1.0296194171811581,0.06297479916138844,2.833213344056216,0.9962,0.6523251860396903,10.5,Medium-High
0.745,0.56,1.0986122886681098,0.11154137473290741,4.90527477843843,0.9968,0.5068176023684519,9.4,Low
0.5,0.09,1.1939224684724346,0.04783732941416013,4.605170185988092,0.9937,0.48858001481867097,13.0,Low
1.04,0.05,1.1631508098056809,0.08065790301745447,3.4011973816621555,0.9959,0.4382549309311553,9.9,Low
0.745,0.11,1.0647107369924282,0.08617769624105233,4.1588830833596715,0.9965,0.598836501088704,9.6,Low
0.415,0.36,1.0986122886681098,0.07788653865707124,3.828641396489095,0.9972,0.49469624183610705,9.2,Low
0.745,0.11,1.0647107369924282,0.08617769624105233,4.1588830833596715,0.9965,0.598836501088704,9.6,Low
0.34,0.0,1.0296194171811581,0.048790164169432,4.1588830833596715,0.9916,0.5822156198526637,14.0,Low
0.39,0.08,0.9932517730102833,0.0639133257436528,3.044522437723423,0.9954,0.4574248470388754,9.4,Low
0.34,0.0,1.0296194171811581,0.048790164169432,4.1588830833596715,0.9916,0.5822156198526637,14.0,Low
0.67,0.55,1.0296194171811581,0.11064652008706356,4.955827057601261,0.9968,0.4824261492442927,9.4,Low
0.68,0.02,1.0296194171811581,0.08342160813907239,4.553876891600541,0.9944,0.41871033485818504,10.0,Low
0.49,0.1,1.1939224684724346,0.07138999608667293,3.4339872044851463,0.9959,0.4574248470388754,10.2,Low
0.33,0.47,1.1314021114911006,0.07417939817425151,2.4849066497880004,0.9958,0.4252677354043441,10.3,Low
0.52,1.0,1.4816045409242156,0.4762341789963716,4.248495242049359,0.9996,1.0986122886681098,9.4,Low
0.6,0.03,1.0296194171811581,0.09075436326846414,4.605170185988092,0.995,0.43178241642553783,10.1,Low
0.6,0.03,1.0296194171811581,0.09075436326846414,4.605170185988092,0.995,0.43178241642553783,10.1,Low
0.43,0.42,1.8718021769015913,0.06859279146561172,4.859812404361672,0.9973,0.5364933705145685,10.5,Low
0.43,0.42,1.8718021769015913,0.06765864847381481,4.867534450455582,0.9973,0.5423242908253617,10.5,Low
0.43,0.42,1.8718021769015913,0.06859279146561172,4.859812404361672,0.9973,0.5364933705145685,10.5,Low
0.68,0.0,1.1631508098056809,0.07045846364856141,3.1354942159291497,0.9969,0.4054651081081644,9.3,Low
0.6,0.18,1.0647107369924282,0.07603468627599762,4.465908118654584,0.9968,0.4510756193602166,9.3,Low
0.95,0.03,1.0986122886681098,0.08617769624105233,3.044522437723423,0.9959,0.44468582126144574,9.6,Low
0.68,0.02,0.832909122935104,0.06952606264861023,3.044522437723423,0.9965,0.7323678937132266,9.2,Low
0.53,0.04,0.9932517730102833,0.07325046173959267,3.4657359027997265,0.9964,0.44468582126144574,10.0,Low
0.6,0.26,2.1162555148025524,0.06765864847381481,4.804021044733257,0.9982,0.3987761199573678,9.4,Low
0.59,0.26,2.1041341542702074,0.06765864847381481,4.804021044733257,0.9981,0.3987761199573678,9.4,Low
0.63,0.48,0.9932517730102833,0.09531017980432487,4.574710978503383,0.9961,0.4824261492442927,9.5,Low
0.64,0.1,1.1314021114911006,0.08157998699242289,4.624972813284271,0.9956,0.41871033485818504,10.2,Low
0.55,0.03,0.9555114450274363,0.06952606264861023,3.7612001156935624,0.9956,0.3920420877760237,9.0,Low
0.63,0.07,1.1314021114911006,0.08525984395082342,3.8066624897703196,0.9953,0.4382549309311553,10.4,Low
0.885,0.03,1.0296194171811581,0.05638033343610754,2.1972245773362196,0.9972,0.2851789422336624,9.1,Low
0.42,0.17,1.0986122886681098,0.07045846364856141,2.9444389791664403,0.9972,0.4762341789963716,9.2,Low
0.62,0.05,1.0647107369924282,0.0657877405380031,3.7612001156935624,0.9961,0.4510756193602166,11.5,Low
0.5,0.04,0.9162907318741551,0.08157998699242289,3.912023005428146,0.9958,0.5766133643039938,9.5,Low
0.38,0.21,1.0986122886681098,0.07696104113612832,3.58351893845611,0.9961,0.3852624007906449,9.5,Low
0.52,0.42,1.1939224684724346,0.08342160813907239,3.6635616461296463,0.9972,0.4762341789963716,10.5,Low
0.805,0.0,1.252762968495368,0.0657877405380031,3.044522437723423,0.9969,0.44468582126144574,9.6,Low
0.61,0.14,1.2237754316221157,0.06485097231961633,3.7612001156935624,0.9969,0.4637340162321401,9.5,Low
0.61,0.14,1.2237754316221157,0.06485097231961633,3.7612001156935624,0.9969,0.4637340162321401,9.5,Low
0.61,0.49,1.0986122886681098,0.23901690047049992,4.709530201312334,0.9972,0.7030975114131134,9.3,Low
0.73,0.02,1.252762968495368,0.07325046173959267,3.7612001156935624,0.9972,0.41871033485818504,9.3,Low
0.61,0.2,1.0296194171811581,0.07417939817425151,4.189654742026425,0.9971,0.4574248470388754,9.3,Low
0.62,0.21,1.0647107369924282,0.07603468627599762,4.143134726391533,0.997,0.4574248470388754,9.3,Low
0.31,0.57,1.0986122886681098,0.10526051065749295,4.454347296253507,0.9971,0.4252677354043441,9.7,Low
0.39,0.48,1.0986122886681098,0.0788111804242897,4.219507705176107,0.9972,0.4382549309311553,9.2,Low
0.5,0.33,1.0986122886681098,0.08065790301745447,4.969813299576001,0.9968,0.4382549309311553,9.5,Low
0.5,0.35,1.3609765531356006,0.07417939817425151,4.852030263919617,0.9976,0.4824261492442927,9.4,Low
0.37,0.25,1.0647107369924282,0.07138999608667293,3.912023005428146,0.9974,0.4824261492442927,9.8,Low
0.55,0.21,1.1631508098056809,0.06859279146561172,3.367295829986474,0.9964,0.4382549309311553,9.7,Low
0.55,0.21,1.1631508098056809,0.06859279146561172,3.367295829986474,0.9964,0.4382549309311553,9.7,Low
0.58,0.3,1.2237754316221157,0.07138999608667293,4.02535169073515,0.9968,0.4637340162321401,10.2,Low
0.3,0.6,1.0986122886681098,0.06485097231961633,3.332204510175204,0.9981,0.6780335427498971,10.1,Low
1.09,0.06,1.1314021114911006,0.05921185963184609,3.4657359027997265,0.9948,0.35767444427181594,11.4,Low
0.32,0.47,0.8754687373538999,0.05448818528406963,3.2188758248682006,0.99695,0.598836501088704,10.3,Medium-High
0.43,0.36,0.9555114450274363,0.08525984395082342,3.6375861597263857,0.99615,0.44468582126144574,9.2,Low
0.3,0.74,1.2809338454620642,0.09075436326846414,3.367295829986474,0.9994,0.5709795465857378,10.8,Medium-High
0.3,0.74,1.2809338454620642,0.09075436326846414,3.367295829986474,0.9994,0.5709795465857378,10.8,Medium-High
0.44,0.28,1.308332819650179,0.09531017980432487,4.564348191467836,0.9966,0.5128236264286639,9.4,Low
0.53,0.6,1.0986122886681098,0.038258712117090345,2.995732273553991,0.99585,0.6205764877251099,12.4,Low
0.725,0.24,1.33500106673234,0.07973496801885356,4.143134726391533,0.99685,0.44468582126144574,10.0,Low
0.57,0.26,1.1631508098056809,0.05826890812397577,4.189654742026425,0.9959,0.35767444427181594,10.1,Low
0.735,0.08,1.2237754316221157,0.0880108773227133,3.7376696182833684,0.9974,0.5364933705145685,9.8,Low
0.49,0.49,1.8870696490323797,0.05826890812397577,4.804021044733257,0.9974,0.5653138090500605,10.5,Low
0.625,0.16,1.0986122886681098,0.09621885774054283,3.912023005428146,0.9962,0.4510756193602166,11.0,Low
0.725,0.22,1.1631508098056809,0.06952606264861023,3.7376696182833684,0.9967,0.4382549309311553,9.1,Low
0.49,0.19,1.0647107369924282,0.07325046173959267,3.8066624897703196,0.9957,0.43178241642553783,9.7,Low
0.34,0.37,1.0986122886681098,0.0788111804242897,4.07753744390572,0.9964,0.4637340162321401,9.4,Low
0.53,0.26,1.0986122886681098,0.09621885774054283,4.290459441148391,0.9957,0.4510756193602166,9.4,Low
0.61,0.04,0.9162907318741551,0.055434706888100586,2.3978952727983707,0.99525,0.4700036292457356,9.5,Low
0.645,0.25,1.0986122886681098,0.07973496801885356,3.367295829986474,0.99815,0.4700036292457356,10.0,Low
0.43,0.25,1.2809338454620642,0.07045846364856141,4.1588830833596715,0.99615,0.4574248470388754,10.5,Low
0.59,0.5,1.0986122886681098,0.29042829811980614,4.406719247264253,0.9964,0.959350221334602,9.5,Low
0.48,0.04,0.9555114450274363,0.05259245011917058,4.672828834461906,0.9927,0.4824261492442927,12.2,Medium-High
0.38,0.06,1.0296194171811581,0.07510747248680541,3.912023005428146,0.99625,0.41871033485818504,9.9,Low
0.37,0.2,1.33500106673234,0.08617769624105233,4.07753744390572,0.998,0.5306282510621704,9.6,Low
1.0,0.09,1.1939224684724346,0.06297479916138844,3.6375861597263857,0.99685,0.4382549309311553,9.0,Low
0.63,0.0,1.0647107369924282,0.0925791812930931,3.6635616461296463,0.99675,0.4574248470388754,9.0,Low
0.635,0.37,0.9932517730102833,0.23348984336835407,4.143134726391533,0.9971,0.7371640659767197,9.3,Low
0.38,0.56,1.1314021114911006,0.08892620919440151,3.2188758248682006,0.99925,0.5364933705145685,10.9,Low
0.58,0.1,1.0296194171811581,0.09712671073072274,4.700480365792417,0.99565,0.3987761199573678,9.8,Low
0.21,0.44,1.1631508098056809,0.07232066157962612,3.2188758248682006,1.00005,0.6097655716208943,9.2,Medium-High
0.21,0.44,1.1631508098056809,0.07232066157962612,3.2188758248682006,1.00005,0.6097655716208943,9.2,Medium-High
0.66,0.0,1.0986122886681098,0.08065790301745447,3.1780538303479458,0.9983,0.6729444732424258,9.9,Low
0.68,0.07,1.0647107369924282,0.07232066157962612,3.9512437185814275,0.99685,0.41871033485818504,9.5,Low
0.66,0.0,1.0986122886681098,0.08065790301745447,3.1780538303479458,0.9983,0.6729444732424258,9.9,Low
0.32,0.44,0.9555114450274363,0.06109509935981088,3.6375861597263857,0.9985,0.5766133643039938,10.0,Low
0.6,0.0,1.0296194171811581,0.07138999608667293,3.5553480614894135,0.9972,0.5306282510621704,9.9,Low
0.35,0.48,1.410986973710262,0.08617769624105233,3.091042453358316,0.9986,0.4252677354043441,10.5,Low
0.775,0.42,1.0647107369924282,0.0880108773227133,4.465908118654584,0.9959,0.4637340162321401,9.5,Low
0.57,0.23,1.4350845252893227,0.07045846364856141,4.787491742782046,0.99675,0.4510756193602166,9.3,Low
0.34,0.37,1.1631508098056809,0.07232066157962612,2.6390573296152584,0.998,0.4824261492442927,9.2,Low
0.695,0.0,1.1314021114911006,0.07232066157962612,4.04305126783455,0.9968,0.5128236264286639,9.2,Low
0.41,0.76,1.0296194171811581,0.47685510419483734,3.828641396489095,0.9968,0.8153648132841945,9.4,Low
0.31,0.47,1.2809338454620642,0.08157998699242289,3.5263605246161616,0.99965,0.5877866649021191,10.5,Medium-High
0.33,0.23,0.9932517730102833,0.07417939817425151,3.828641396489095,0.99625,0.5007752879124893,9.3,Low
0.975,0.04,1.0986122886681098,0.08342160813907239,4.219507705176107,0.99565,0.4700036292457356,9.4,Low
0.52,0.03,0.9932517730102833,0.06765864847381481,3.58351893845611,0.99575,0.4510756193602166,10.0,Low
0.37,0.23,1.0296194171811581,0.07417939817425151,3.912023005428146,0.9963,0.5128236264286639,9.3,Low
0.56,0.49,1.2237754316221157,0.06203539091945264,3.332204510175204,0.9999,0.6259384308664953,10.9,Low
0.87,0.0,1.4586150226995167,0.0916671885258238,4.127134385045092,1.00025,0.5423242908253617,9.8,Low
0.35,0.46,1.5260563034950492,0.07510747248680541,3.6375861597263857,0.9973,0.6205764877251099,12.8,Medium-High
0.54,0.04,1.3862943611198906,0.07417939817425151,3.332204510175204,0.9987,0.6471032420585384,9.4,Low
0.18,0.51,1.6094379124341003,0.09893994785490356,3.1780538303479458,0.9996,0.6780335427498971,10.1,Low
0.545,0.06,1.6094379124341003,0.08342160813907239,4.127134385045092,0.9965,0.5128236264286639,10.7,Low
0.545,0.06,1.6094379124341003,0.08342160813907239,4.127134385045092,0.9965,0.5128236264286639,10.7,Low
0.54,0.04,1.3862943611198906,0.07417939817425151,3.332204510175204,0.9987,0.6471032420585384,9.4,Low
0.18,0.51,1.6094379124341003,0.09893994785490356,3.1780538303479458,0.9996,0.6780335427498971,10.1,Low
0.32,0.45,2.0014800002101243,0.07045846364856141,2.6390573296152584,0.9976,0.598836501088704,12.6,Medium-High
0.4,0.32,1.8870696490323797,0.08342160813907239,3.871201010907891,0.9991,0.5709795465857378,10.5,Medium-High
0.26,0.44,1.5260563034950492,0.06859279146561172,2.995732273553991,0.9986,0.598836501088704,9.3,Low
0.27,0.68,1.5040773967762742,0.3060130291365044,2.3978952727983707,0.9972,0.7323678937132266,9.9,Medium-High
0.4,0.32,1.8870696490323797,0.08342160813907239,3.871201010907891,0.9991,0.5709795465857378,10.5,Medium-High
0.59,0.07,1.4816045409242156,0.09712671073072274,4.276666119016055,1.00015,0.5364933705145685,9.8,Low
0.59,0.07,1.4816045409242156,0.09712671073072274,4.276666119016055,1.00015,0.5364933705145685,9.8,Low
0.45,0.55,1.0986122886681098,0.07045846364856141,3.912023005428146,0.9997,0.5653138090500605,10.3,Low
0.4,0.12,1.3862943611198906,0.0880108773227133,3.9889840465642745,0.9967,0.5306282510621704,10.3,Low
0.52,0.09,1.252762968495368,0.08709470685093376,3.912023005428146,0.9976,0.6205764877251099,10.6,Medium-High
0.42,0.53,1.4586150226995167,0.09984533496971613,4.59511985013459,1.001,0.6678293725756554,9.2,Low
0.52,0.09,1.252762968495368,0.08709470685093376,3.912023005428146,0.9976,0.6205764877251099,10.6,Medium-High
0.55,0.23,1.308332819650179,0.08709470685093376,3.8918202981106265,0.9994,0.49469624183610705,10.3,Low
0.36,0.25,1.2237754316221157,0.0934903430873389,2.833213344056216,0.9964,0.4700036292457356,10.1,Low
0.34,0.52,1.4350845252893227,0.08984070399978947,3.9889840465642745,1.0014,0.5933268452777344,9.5,Low
0.5,0.46,1.252762968495368,0.07045846364856141,3.332204510175204,1.0001,0.49469624183610705,9.5,Low
0.83,0.37,1.2809338454620642,0.08250122151174369,4.2626798770413155,0.9981,0.41871033485818504,9.9,Low
0.63,0.06,1.0986122886681098,0.07973496801885356,3.4011973816621555,0.99855,0.5481214085096876,9.6,Low
0.65,0.02,1.1939224684724346,0.08984070399978947,3.4657359027997265,0.9993,0.5877866649021191,9.7,Low
0.53,0.06,1.2809338454620642,0.08250122151174369,3.8066624897703196,0.9965,0.4637340162321401,10.7,Low
0.18,0.48,0.9162907318741551,0.0657877405380031,2.772588722239781,0.9973,0.49469624183610705,10.1,Low
0.705,0.12,1.2809338454620642,0.0880108773227133,3.367295829986474,0.9994,0.5423242908253617,10.0,Low
0.65,0.6,1.1314021114911006,0.10616019582839055,4.51085950651685,0.9973,0.41871033485818504,9.2,Low
0.62,0.32,1.1631508098056809,0.0788111804242897,4.007333185232471,0.9966,0.41871033485818504,9.4,Low
0.41,0.42,1.2237754316221157,0.1930966299619131,2.70805020110221,0.9994,0.4824261492442927,9.5,Low
0.43,0.44,1.2237754316221157,0.19392069263730652,2.5649493574615367,0.9994,0.48858001481867097,9.5,Low
0.53,0.24,1.0986122886681098,0.06952606264861023,4.663439094112067,0.996,0.43178241642553783,9.4,Low
0.46,0.31,1.33500106673234,0.08892620919440151,4.59511985013459,0.99815,0.48858001481867097,9.5,Low
0.47,0.3,1.3862943611198906,0.07325046173959267,4.912654885736052,0.9976,0.4252677354043441,9.4,Low
0.36,0.29,1.2809338454620642,0.08342160813907239,4.290459441148391,0.99645,0.5187937934151675,11.0,Low
0.66,0.39,1.4350845252893227,0.07973496801885356,4.0943445622221,0.9989,0.5364933705145685,11.5,Medium-High
0.77,0.12,1.3609765531356006,0.0788111804242897,4.31748811353631,0.99865,0.49469624183610705,10.4,Low
0.61,0.26,1.4816045409242156,0.08617769624105233,4.477336814478207,0.99975,0.4824261492442927,9.7,Low
0.49,0.2,2.4849066497880004,0.06859279146561172,3.9318256327243257,1.0015,0.5247285289349821,9.2,Low
0.49,0.2,2.4849066497880004,0.06859279146561172,3.9318256327243257,1.0015,0.5247285289349821,9.2,Low
0.53,0.66,1.536867219599265,0.11422114409002286,2.70805020110221,0.9978,0.5538851132264376,11.5,Medium-High
0.44,0.5,1.7047480922384253,0.10165365372649983,2.6390573296152584,0.998,0.6043159668533294,11.5,Low
0.27,0.62,1.2809338454620642,0.0788111804242897,3.091042453358316,1.0002,0.5128236264286639,9.7,Low
0.56,0.08,1.1314021114911006,0.09984533496971613,3.8066624897703196,0.9958,0.41871033485818504,11.0,Low
0.65,0.01,1.252762968495368,0.07510747248680541,3.6635616461296463,0.9963,0.5538851132264376,11.7,Medium-High
0.695,0.53,1.4816045409242156,0.12044615307586716,3.091042453358316,0.9992,0.6097655716208943,12.2,Medium-High
0.43,0.45,1.0647107369924282,0.050693114315518116,2.833213344056216,0.9948,0.5306282510621704,12.5,Low
0.43,0.32,1.33500106673234,0.07696104113612832,4.07753744390572,0.9974,0.49469624183610705,10.3,Low
0.28,0.54,1.1939224684724346,0.0788111804242897,3.4011973816621555,0.9997,0.8586616190375187,9.8,Medium-High
0.39,0.47,1.0296194171811581,0.11154137473290741,2.70805020110221,0.9982,0.5596157879354227,9.8,Low
0.39,0.47,1.0296194171811581,0.11154137473290741,2.70805020110221,0.9982,0.5596157879354227,9.8,Low
0.57,0.5,1.2809338454620642,0.0788111804242897,3.4965075614664802,1.0006,0.5766133643039938,10.7,Low
0.49,0.67,1.3862943611198906,0.08892620919440151,2.772588722239781,0.9986,0.6575200029167941,12.0,Low
0.56,0.31,1.33500106673234,0.08525984395082342,3.8501476017100584,0.9979,0.6523251860396903,10.0,Low
0.795,0.0,1.2809338454620642,0.0916671885258238,3.295836866004329,0.9994,0.6043159668533294,9.4,Low
0.665,0.0,1.2237754316221157,0.08617769624105233,2.995732273553991,0.9974,0.5481214085096876,9.3,Low
0.53,0.79,1.7578579175523736,0.11332868530700317,4.356708826689592,1.0018,0.5709795465857378,13.0,Low
0.21,0.4,0.8754687373538999,0.0639133257436528,5.111987788356544,0.9912,0.4637340162321401,11.9,Low
0.75,0.01,1.2237754316221157,0.07510747248680541,3.4965075614664802,0.9955,0.4762341789963716,12.8,Low
0.41,0.52,1.3862943611198906,0.07696104113612832,4.02535169073515,1.0001,0.6312717768418579,11.0,Low
0.42,0.66,1.3737155789130306,0.10975086395911911,3.4011973816621555,0.997,0.5596157879354227,11.7,Medium-High
0.43,0.66,1.410986973710262,0.10345870836822998,3.1780538303479458,1.0,0.6151856390902334,10.4,Medium-High
0.38,0.66,1.2809338454620642,0.08434114843375087,3.7376696182833684,1.001,0.5187937934151675,9.8,Low
0.7,0.23,1.0986122886681098,0.09440067542148432,4.406719247264253,0.9973,0.5306282510621704,9.4,Low
0.45,0.31,1.2809338454620642,0.08250122151174369,3.9318256327243257,0.9982,0.6471032420585384,9.9,Low
0.58,0.66,1.252762968495368,0.06952606264861023,3.6375861597263857,0.9992,0.44468582126144574,10.0,Low
0.46,0.63,1.0986122886681098,0.06859279146561172,2.772588722239781,0.9988,0.6259384308664953,10.2,Low
0.615,0.66,1.916922612182061,0.07973496801885356,3.7612001156935624,1.0022,0.5481214085096876,10.0,Medium-High
0.615,0.66,1.916922612182061,0.07973496801885356,3.7612001156935624,1.0022,0.5481214085096876,10.0,Medium-High
0.575,0.61,1.2809338454620642,0.07325046173959267,3.2188758248682006,1.0,0.5247285289349821,9.0,Low
0.27,0.53,1.2237754316221157,0.07138999608667293,2.9444389791664403,0.9962,0.7561219797213337,12.0,Medium-High
0.24,0.4,0.9555114450274363,0.05448818528406963,3.258096538021482,0.9967,0.6259384308664953,8.7,Low
0.28,0.48,1.0296194171811581,0.06485097231961633,3.8501476017100584,0.9967,0.712949807856125,10.6,Low
0.45,0.5,1.3862943611198906,0.07510747248680541,3.871201010907891,1.0003,0.7466879474879752,11.0,Low
0.27,0.53,1.2237754316221157,0.07138999608667293,2.9444389791664403,0.9962,0.7561219797213337,12.0,Medium-High
0.625,0.66,1.9740810260220096,0.08434114843375087,3.2188758248682006,0.9988,0.688134638736401,13.3,Low
0.26,0.42,1.0986122886681098,0.07696104113612832,3.332204510175204,0.9974,0.5877866649021191,9.4,Low
0.51,0.28,1.1314021114911006,0.08342160813907239,4.007333185232471,0.998,0.5538851132264376,9.2,Low
0.46,0.26,1.0647107369924282,0.08434114843375087,3.9889840465642745,0.9981,0.5538851132264376,9.2,Low
0.85,0.05,0.8754687373538999,0.04401688541677433,4.48863636973214,0.9924,0.598836501088704,12.9,Medium-High
0.415,0.68,1.3609765531356006,0.08157998699242289,3.784189633918261,1.0014,0.5877866649021191,10.0,Low
0.37,0.52,1.0986122886681098,0.0788111804242897,3.295836866004329,0.998,0.412109650826833,9.5,Low
0.37,0.76,1.6486586255873816,0.0639133257436528,3.6635616461296463,1.0004,0.4700036292457356,13.0,Medium-High
0.735,0.02,2.186051276738094,0.11511280710050457,4.8283137373023015,0.9994,0.4252677354043441,9.9,Low
0.59,0.59,1.2809338454620642,0.08342160813907239,3.912023005428146,0.9988,0.5007752879124893,11.0,Low
0.765,0.22,1.1939224684724346,0.06203539091945264,3.7612001156935624,0.9963,0.4382549309311553,9.4,Low
0.735,0.02,2.186051276738094,0.11511280710050457,4.8283137373023015,0.9994,0.4252677354043441,9.9,Low
0.48,0.54,1.2809338454620642,0.08157998699242289,4.174387269895637,1.0,0.4762341789963716,10.5,Low
0.6,0.49,1.308332819650179,0.08157998699242289,3.7376696182833684,0.9994,0.48858001481867097,10.5,Low
0.69,0.05,1.308332819650179,0.07232066157962612,3.332204510175204,0.9974,0.4762341789963716,9.1,Low
0.44,0.47,1.252762968495368,0.06109509935981088,3.367295829986474,0.9981,0.5007752879124893,10.8,Low
0.39,0.66,1.3862943611198906,0.08892620919440151,3.4339872044851463,0.9996,0.48858001481867097,10.8,Medium-High
0.46,0.49,1.7047480922384253,0.06765864847381481,3.912023005428146,0.9981,0.4510756193602166,9.6,Low
0.43,0.34,1.252762968495368,0.07696104113612832,4.465908118654584,0.9987,0.4824261492442927,9.5,Low
0.735,0.16,1.0647107369924282,0.09531017980432487,4.356708826689592,0.9966,0.49469624183610705,9.3,Low
0.4,0.53,2.0412203288596382,0.0925791812930931,2.995732273553991,0.9986,0.598836501088704,11.7,Medium-High
0.52,0.34,1.308332819650179,0.08342160813907239,4.812184355372417,0.9982,0.4762341789963716,9.5,Low
0.725,0.24,2.028148247292285,0.11064652008706356,4.90527477843843,1.0014,0.7275486072772778,9.3,Low
0.48,0.64,1.1631508098056809,0.10526051065749295,3.044522437723423,0.997,0.5068176023684519,11.7,Low
0.58,0.12,1.0647107369924282,0.08709470685093376,4.8283137373023015,0.9956,0.3920420877760237,10.5,Low
0.38,0.51,1.0986122886681098,0.11422114409002286,3.044522437723423,0.9996,0.5653138090500605,10.4,Low
0.77,0.0,1.0296194171811581,0.0639133257436528,3.970291913552122,0.9976,0.5187937934151675,9.9,Low
0.84,0.03,1.1939224684724346,0.05732506661926941,3.8918202981106265,0.9952,0.44468582126144574,12.3,Medium-High
0.96,0.2,1.0986122886681098,0.045928931888399804,4.110873864173311,0.9955,0.3646431135879093,10.9,Low
0.24,0.47,1.1314021114911006,0.0639133257436528,3.2188758248682006,0.9978,0.6418538861723948,11.0,Medium-High
0.84,0.03,1.1939224684724346,0.05732506661926941,3.8918202981106265,0.9952,0.44468582126144574,12.3,Medium-High
0.67,0.08,1.1314021114911006,0.04401688541677433,3.8918202981106265,0.9949,0.3987761199573678,11.4,Low
0.78,0.22,1.0647107369924282,0.07417939817425151,3.4965075614664802,0.9988,0.44468582126144574,10.6,Low
0.52,0.33,0.832909122935104,0.06765864847381481,3.4339872044851463,0.9978,0.4700036292457356,9.3,Low
0.84,0.63,1.2237754316221157,0.08434114843375087,3.58351893845611,0.9997,0.4700036292457356,10.4,Low
0.24,0.47,1.1314021114911006,0.0639133257436528,3.2188758248682006,0.9978,0.6418538861723948,11.0,Medium-High
0.55,0.35,1.1631508098056809,0.07138999608667293,4.204692619390966,0.9974,0.44468582126144574,9.2,Low
0.39,0.63,1.1939224684724346,0.08709470685093376,2.9444389791664403,1.0004,0.3987761199573678,9.5,Low
0.41,0.55,1.4350845252893227,0.07325046173959267,4.007333185232471,0.9996,0.636576829071551,9.9,Low
0.39,0.63,1.1939224684724346,0.08709470685093376,2.9444389791664403,1.0004,0.3987761199573678,9.5,Low
0.67,0.3,1.0986122886681098,0.05826890812397577,4.143134726391533,0.9958,0.44468582126144574,10.2,Low
0.45,0.73,1.4350845252893227,0.0639133257436528,3.1354942159291497,0.9986,0.5068176023684519,11.2,Low
0.62,0.18,0.9162907318741551,0.06015392281974709,3.9318256327243257,0.9951,0.4700036292457356,9.3,Low
0.31,0.72,1.1631508098056809,0.06952606264861023,3.4011973816621555,0.9987,0.598836501088704,9.8,Medium-High
0.685,0.76,1.547562508716013,0.09531017980432487,3.784189633918261,1.0032,0.5187937934151675,11.2,Medium-High
0.57,0.01,0.9932517730102833,0.05259245011917058,3.332204510175204,0.9934,0.6097655716208943,12.5,Medium-High
0.38,0.6,1.2809338454620642,0.07788653865707124,4.290459441148391,0.9996,0.5481214085096876,10.5,Low
0.48,0.29,1.1314021114911006,0.11955923505763925,2.833213344056216,0.9968,0.5423242908253617,11.2,Low
0.53,0.22,1.0986122886681098,0.09531017980432487,3.332204510175204,0.9967,0.44468582126144574,10.2,Low
0.39,0.69,1.33500106673234,0.09075436326846414,3.58351893845611,0.9994,0.4762341789963716,10.8,Low
0.39,0.69,1.33500106673234,0.09075436326846414,3.58351893845611,0.9994,0.4762341789963716,10.8,Low
0.56,0.03,0.9932517730102833,0.08065790301745447,3.58351893845611,0.9968,0.48858001481867097,10.0,Low
0.33,0.63,1.33500106673234,0.08065790301745447,3.1354942159291497,0.9998,0.5538851132264376,11.2,Medium-High
0.23,0.4,0.9555114450274363,0.06109509935981088,4.219507705176107,0.9952,0.48858001481867097,11.1,Low
0.62,0.67,1.824549292051046,0.08250122151174369,2.995732273553991,0.9988,0.5247285289349821,13.4,Medium-High
0.59,0.39,1.1939224684724346,0.09075436326846414,3.1354942159291497,0.9986,0.4574248470388754,10.3,Low
0.63,0.21,1.308332819650179,0.0925791812930931,4.189654742026425,0.9988,0.4574248470388754,9.6,Low
0.58,0.66,1.1631508098056809,0.07138999608667293,3.871201010907891,1.0008,0.4510756193602166,9.0,Low
0.43,0.52,1.1939224684724346,0.07973496801885356,3.1780538303479458,0.9976,0.4762341789963716,11.3,Low
0.615,0.22,1.2809338454620642,0.08342160813907239,2.995732273553991,0.9982,0.4762341789963716,9.3,Low
0.315,0.54,1.1314021114911006,0.08065790301745447,2.772588722239781,0.9987,0.5306282510621704,9.2,Low
0.5,0.42,1.0986122886681098,0.06672363204290818,3.9512437185814275,0.9982,0.5423242908253617,11.5,Low
0.46,0.45,1.2809338454620642,0.06297479916138844,2.9444389791664403,0.9947,0.5822156198526637,14.0,Low
0.36,0.69,1.1314021114911006,0.08617769624105233,3.091042453358316,1.0,0.4824261492442927,9.2,Low
0.82,0.02,0.7884573603642702,0.06765864847381481,3.8918202981106265,0.9952,0.4574248470388754,9.8,Low
0.32,0.65,1.2809338454620642,0.08892620919440151,3.871201010907891,0.9996,0.4762341789963716,10.6,Low
0.54,0.42,1.2237754316221157,0.07788653865707124,3.970291913552122,0.997,0.5364933705145685,11.4,Low
0.37,0.55,1.2809338454620642,0.07973496801885356,4.23410650459726,0.9995,0.598836501088704,10.4,Low
0.68,0.24,1.1631508098056809,0.08342160813907239,3.367295829986474,0.9988,0.4700036292457356,10.2,Low
0.27,0.41,1.0986122886681098,0.08709470685093376,2.833213344056216,0.998,0.5306282510621704,9.7,Low
0.24,0.49,1.0296194171811581,0.07232066157962612,3.044522437723423,0.9977,0.7227059828014898,11.0,Low
0.685,0.11,1.308332819650179,0.07417939817425151,3.4657359027997265,0.9984,0.5306282510621704,10.1,Low
0.28,0.39,2.803360380906535,0.06672363204290818,3.1780538303479458,1.0026,0.5068176023684519,9.2,Low
0.3,0.56,1.33500106673234,0.07696104113612832,2.8903717578961645,0.9964,0.6523251860396903,11.7,Medium-High
0.36,0.6,1.1631508098056809,0.1414995622736995,2.9444389791664403,0.9986,0.7227059828014898,9.4,Low
0.67,0.39,1.0647107369924282,0.05259245011917058,2.8903717578961645,0.9976,0.3852624007906449,10.0,Low
0.645,0.36,1.0296194171811581,0.05164323315183845,2.70805020110221,0.9982,0.3506568716131694,10.0,Low
0.39,0.4,1.2809338454620642,0.07045846364856141,3.295836866004329,0.9984,0.5596157879354227,10.2,Low
0.41,0.5,1.252762968495368,0.05354076692802982,3.258096538021482,0.9952,0.5822156198526637,13.3,Medium-High
0.4,0.51,1.2809338454620642,0.050693114315518116,3.332204510175204,0.995,0.6418538861723948,13.4,Medium-High
0.69,0.31,1.3862943611198906,0.08250122151174369,4.406719247264253,1.0002,0.5538851132264376,11.6,Low
0.39,0.23,2.2300144001592104,0.04974209189481407,4.5217885770490405,0.9952,0.4382549309311553,12.1,Low
0.35,0.53,1.2809338454620642,0.06765864847381481,2.833213344056216,0.9972,0.5007752879124893,11.0,Medium-High
0.52,0.25,1.0647107369924282,0.07788653865707124,3.6635616461296463,0.9984,0.5007752879124893,9.0,Low
0.34,0.32,1.252762968495368,0.08617769624105233,4.736198448394496,0.9966,0.5822156198526637,11.1,Low
0.35,0.53,1.2809338454620642,0.06765864847381481,2.833213344056216,0.9972,0.5007752879124893,11.0,Medium-High
0.69,0.31,1.3862943611198906,0.08250122151174369,4.406719247264253,1.0002,0.5538851132264376,11.6,Low
0.52,0.25,1.0647107369924282,0.07788653865707124,3.6635616461296463,0.9984,0.5007752879124893,9.0,Low
0.44,0.73,2.0215475632609334,0.07138999608667293,4.343805421853684,0.999,0.6151856390902334,12.0,Medium-High
0.44,0.73,2.0215475632609334,0.07138999608667293,4.343805421853684,0.999,0.6151856390902334,12.0,Medium-High
0.24,0.42,1.0296194171811581,0.07417939817425151,3.1354942159291497,0.9976,0.7178397931503169,10.8,Medium-High
0.49,0.63,1.3609765531356006,0.06952606264861023,3.295836866004329,0.9968,0.5766133643039938,12.5,Medium-High
0.24,0.46,1.0296194171811581,0.07232066157962612,3.091042453358316,0.9976,0.7030975114131134,10.8,Medium-High
0.67,0.55,1.1939224684724346,0.08065790301745447,2.6390573296152584,1.0,0.5364933705145685,9.5,Low
0.29,0.75,1.33500106673234,0.08065790301745447,3.784189633918261,0.9986,0.5187937934151675,11.4,Medium-High
0.59,0.31,1.1631508098056809,0.08617769624105233,4.143134726391533,0.9994,0.48858001481867097,10.2,Low
0.4,0.48,1.1314021114911006,0.11778303565638346,3.912023005428146,0.998,0.5933268452777344,9.7,Low
0.51,0.64,1.2237754316221157,0.10165365372649983,2.772588722239781,0.9973,0.5068176023684519,11.8,Medium-High
0.51,0.64,1.2237754316221157,0.10165365372649983,2.772588722239781,0.9973,0.5068176023684519,11.8,Medium-High
0.655,0.49,1.9600947840472698,0.11511280710050457,5.0238805208462765,1.001,0.76080582903376,9.3,Low
0.6,0.49,1.667706820558076,0.09531017980432487,2.70805020110221,1.001,0.5538851132264376,11.9,Low
0.61,0.49,1.1314021114911006,0.18232155679395465,2.833213344056216,0.9994,0.48858001481867097,8.4,Low
0.25,0.49,1.308332819650179,0.08434114843375087,3.5263605246161616,0.9982,0.6418538861723948,10.0,Low
0.4,0.49,1.252762968495368,0.08157998699242289,4.962844630259907,0.9978,0.4382549309311553,9.4,Low
0.43,0.49,1.2237754316221157,0.08250122151174369,4.762173934797756,0.9976,0.49469624183610705,9.5,Low
0.38,0.49,1.252762968495368,0.0925791812930931,4.454347296253507,0.9962,0.5709795465857378,11.4,Low
0.63,0.24,1.2237754316221157,0.07417939817425151,3.5263605246161616,0.9974,0.4510756193602166,9.4,Low
0.22,0.24,1.1314021114911006,0.07510747248680541,3.367295829986474,0.999,0.6259384308664953,10.3,Low
0.38,0.49,1.308332819650179,0.0934903430873389,3.7612001156935624,1.0004,0.4762341789963716,10.3,Low
0.38,0.49,1.308332819650179,0.0934903430873389,3.7612001156935624,1.0004,0.4762341789963716,10.3,Low
0.27,0.24,1.1314021114911006,0.06952606264861023,3.5263605246161616,0.9956,0.5068176023684519,12.8,Low
0.48,0.24,1.308332819650179,0.09712671073072274,3.4965075614664802,1.0,0.44468582126144574,10.0,Low
0.22,0.24,1.1314021114911006,0.07510747248680541,3.367295829986474,0.999,0.6259384308664953,10.3,Low
0.63,0.24,1.2237754316221157,0.07417939817425151,3.5263605246161616,0.9974,0.4510756193602166,9.4,Low
0.825,0.24,1.1314021114911006,0.08065790301745447,2.6390573296152584,0.9972,0.5709795465857378,10.7,Low
0.35,0.49,1.916922612182061,0.0639133257436528,3.58351893845611,1.0014,0.5068176023684519,12.0,Medium-High
0.5,0.74,1.8164520818184267,0.09531017980432487,2.8903717578961645,0.9996,0.4824261492442927,11.2,Low
0.59,0.24,1.4586150226995167,0.09621885774054283,3.871201010907891,0.9988,0.5128236264286639,9.6,Low
0.46,0.49,1.9878743481543455,0.06203539091945264,2.8903717578961645,0.9988,0.5481214085096876,11.0,Low
0.715,0.24,1.1314021114911006,0.06765864847381481,3.044522437723423,0.9966,0.4637340162321401,9.9,Low
0.66,0.24,1.252762968495368,0.08157998699242289,3.9889840465642745,0.9993,0.5423242908253617,11.0,Low
0.31,0.74,1.0296194171811581,0.07232066157962612,2.772588722239781,1.0008,0.5822156198526637,8.4,Low
0.47,0.49,1.2809338454620642,0.08984070399978947,4.672828834461906,0.9982,0.4637340162321401,9.1,Low
0.55,0.24,1.0986122886681098,0.07510747248680541,3.367295829986474,0.9983,0.5766133643039938,9.5,Low
0.31,0.49,1.252762968495368,0.06485097231961633,3.091042453358316,0.9987,0.6205764877251099,10.7,Low
0.35,0.49,1.2809338454620642,0.07603468627599762,4.248495242049359,0.9994,0.5596157879354227,10.4,Low
0.51,0.01,1.1314021114911006,0.07138999608667293,3.258096538021482,0.9958,0.44468582126144574,9.5,Low
0.43,0.24,1.33500106673234,0.0880108773227133,3.828641396489095,0.998,0.5481214085096876,10.0,Low
0.46,0.24,1.308332819650179,0.0880108773227133,3.8066624897703196,0.998,0.5538851132264376,10.0,Low
1.04,0.24,0.9555114450274363,0.048790164169432,4.574710978503383,0.9934,0.4824261492442927,11.5,Low
0.645,0.49,1.6486586255873816,0.09075436326846414,3.1780538303479458,1.00315,0.5538851132264376,11.1,Low
0.53,0.49,1.7227665977411035,0.11154137473290741,2.8903717578961645,1.0002,0.44468582126144574,11.7,Low
0.645,0.49,1.6486586255873816,0.09075436326846414,3.1780538303479458,1.00315,0.5538851132264376,11.1,Low
0.47,0.49,1.667706820558076,0.08157998699242289,3.871201010907891,1.0021,0.5187937934151675,12.7,Low
0.6,0.49,1.33500106673234,0.07232066157962612,2.995732273553991,0.9994,0.4510756193602166,11.4,Low
0.54,0.49,1.3609765531356006,0.08984070399978947,4.709530201312334,0.9982,0.4762341789963716,9.2,Low
0.29,0.49,1.308332819650179,0.0880108773227133,4.110873864173311,0.9971,0.4762341789963716,10.1,Low
0.47,0.49,1.667706820558076,0.08157998699242289,3.871201010907891,1.0021,0.5187937934151675,12.7,Low
0.6,0.49,1.33500106673234,0.07232066157962612,2.995732273553991,0.9994,0.4510756193602166,11.4,Low
0.7,0.24,1.252762968495368,0.20375683751401966,2.772588722239781,0.9991,0.4700036292457356,9.0,Low
0.5,0.49,1.2809338454620642,0.22314355131420976,3.044522437723423,0.999,0.5822156198526637,10.7,Low
0.36,0.24,1.1631508098056809,0.09075436326846414,3.7612001156935624,0.9946,0.4510756193602166,11.7,Low
0.35,0.49,1.4586150226995167,0.06765864847381481,3.6375861597263857,1.0003,0.6471032420585384,11.0,Low
0.24,0.49,1.2237754316221157,0.07232066157962612,3.367295829986474,0.9978,0.4762341789963716,10.4,Low
0.5,0.24,1.1939224684724346,0.09803374027136541,2.70805020110221,0.9978,0.41871033485818504,10.0,Low
0.44,0.49,1.33500106673234,0.07973496801885356,4.718498871295094,0.9982,0.4700036292457356,9.5,Low
0.47,0.49,1.3609765531356006,0.08157998699242289,4.709530201312334,0.9982,0.4700036292457356,9.8,Low
0.31,0.49,1.1631508098056809,0.06109509935981088,3.713572066704308,0.9976,0.412109650826833,9.8,Low
0.5,0.49,1.1631508098056809,0.08525984395082342,2.70805020110221,1.0002,0.3646431135879093,9.6,Low
0.5,0.49,1.1631508098056809,0.08525984395082342,2.70805020110221,1.0002,0.3646431135879093,9.6,Low
0.28,0.49,1.0647107369924282,0.07138999608667293,3.091042453358316,0.9976,0.5068176023684519,9.9,Medium-High
0.73,0.24,1.0647107369924282,0.10255658832509207,4.634728988229636,0.9967,0.4637340162321401,9.3,Low
0.42,0.24,1.0986122886681098,0.05826890812397577,3.9318256327243257,0.9917,0.5538851132264376,14.0,Medium-High
0.45,0.49,1.2809338454620642,0.08065790301745447,4.330733340286331,0.9987,0.4510756193602166,9.7,Low
0.39,0.49,0.9932517730102833,0.06765864847381481,5.0106352940962555,0.9922,0.4054651081081644,11.5,Low
0.45,0.49,1.2809338454620642,0.08065790301745447,4.330733340286331,0.9987,0.4510756193602166,9.7,Low
0.49,0.58,1.5040773967762742,0.08984070399978947,3.784189633918261,1.0004,0.4574248470388754,9.0,Low
0.595,0.41,2.186051276738094,0.08250122151174369,4.700480365792417,0.9998,0.4510756193602166,9.3,Low
0.4,0.51,1.0986122886681098,0.05732506661926941,3.2188758248682006,0.9994,0.4700036292457356,9.3,Low
0.585,0.18,1.1314021114911006,0.07510747248680541,3.4339872044851463,0.9967,0.3920420877760237,9.8,Low
0.835,0.0,1.2809338454620642,0.07788653865707124,2.70805020110221,0.9975,0.41871033485818504,9.3,Low
0.58,0.13,1.3609765531356006,0.0916671885258238,4.1588830833596715,0.9984,0.4824261492442927,9.1,Low
0.48,0.41,1.4586150226995167,0.0880108773227133,3.970291913552122,0.9982,0.4252677354043441,10.5,Low
0.65,0.37,1.8082887711792655,0.10436001532424277,4.189654742026425,1.0026,0.49469624183610705,10.4,Low
0.36,0.19,1.4350845252893227,0.07232066157962612,3.6888794541139363,0.9956,0.41871033485818504,12.7,Low
0.24,0.54,1.252762968495368,0.07973496801885356,4.060443010546419,0.9983,0.43178241642553783,9.2,Low
0.38,0.55,1.308332819650179,0.07788653865707124,2.833213344056216,1.0006,0.43178241642553783,9.4,Low
0.64,0.0,1.2237754316221157,0.07417939817425151,3.4011973816621555,0.9965,0.4700036292457356,10.0,Low
0.6,0.5,1.1939224684724346,0.07603468627599762,4.276666119016055,0.9997,0.4510756193602166,9.7,Low
0.31,0.51,1.1631508098056809,0.07603468627599762,3.367295829986474,0.9982,0.6575200029167941,9.8,Low
0.37,0.41,1.1939224684724346,0.08434114843375087,2.833213344056216,0.9988,0.5877866649021191,9.3,Low
0.54,0.24,1.4816045409242156,0.07325046173959267,4.727387818712341,0.9976,0.4762341789963716,9.4,Low
0.56,0.23,1.4816045409242156,0.07510747248680541,4.653960350157523,0.9976,0.4824261492442927,9.4,Low
0.58,0.22,1.0647107369924282,0.07696104113612832,3.4965075614664802,0.9974,0.4382549309311553,9.5,Low
0.69,0.0,1.8870696490323797,0.11689375147149933,4.07753744390572,0.9997,0.5423242908253617,10.2,Low
0.6,0.29,1.1631508098056809,0.0934903430873389,2.772588722239781,0.9988,0.3987761199573678,9.1,Low
0.6,0.29,1.1631508098056809,0.0934903430873389,2.772588722239781,0.9988,0.3987761199573678,9.1,Low
0.54,0.26,1.252762968495368,0.0925791812930931,3.4657359027997265,0.9976,0.4700036292457356,9.3,Low
0.685,0.23,1.1939224684724346,0.10526051065749295,4.442651256490317,0.9964,0.4762341789963716,9.3,Low
0.54,0.26,1.252762968495368,0.0925791812930931,3.4657359027997265,0.9976,0.4700036292457356,9.3,Low
0.28,0.54,1.308332819650179,0.09984533496971613,2.995732273553991,0.9988,0.48858001481867097,9.5,Low
0.41,0.14,1.3862943611198906,0.08342160813907239,3.784189633918261,0.9964,0.4510756193602166,10.5,Low
0.935,0.22,1.4816045409242156,0.09984533496971613,4.465908118654584,1.001,0.49469624183610705,11.3,Low
0.35,0.21,1.0647107369924282,0.07045846364856141,4.634728988229636,0.9964,0.4574248470388754,9.5,Low
0.84,0.0,0.8754687373538999,0.06297479916138844,3.5263605246161616,0.9954,0.4382549309311553,9.7,Low
0.88,0.28,1.2237754316221157,0.08250122151174369,4.997212273764115,0.9979,0.4252677354043441,9.4,Low
0.885,0.27,1.1939224684724346,0.08065790301745447,4.983606621708336,0.9978,0.4252677354043441,9.4,Low
0.29,0.35,1.0647107369924282,0.06485097231961633,4.060443010546419,0.997,0.8586616190375187,10.3,Low
0.54,0.45,1.1939224684724346,0.06859279146561172,3.713572066704308,0.9991,0.4824261492442927,9.4,Low
0.54,0.45,1.1939224684724346,0.06859279146561172,3.713572066704308,0.9991,0.4824261492442927,9.4,Low
0.54,0.45,1.1939224684724346,0.06859279146561172,3.713572066704308,0.9991,0.4824261492442927,9.4,Low
0.845,0.01,1.1631508098056809,0.06765864847381481,2.70805020110221,0.9967,0.4574248470388754,11.0,Low
0.48,0.3,1.33500106673234,0.0639133257436528,3.367295829986474,0.9964,0.5128236264286639,11.2,Medium-High
0.42,0.27,2.2617630984737906,0.0657877405380031,5.003946305945459,0.9948,0.4510756193602166,11.3,Low
0.43,0.39,1.1631508098056809,0.10074990310014306,3.4965075614664802,0.9986,0.4054651081081644,9.6,Low
0.36,0.65,2.1400661634962708,0.0916671885258238,4.276666119016055,0.9976,0.6097655716208943,14.9,Low
0.33,0.59,1.33500106673234,0.07603468627599762,3.4339872044851463,0.9976,0.43178241642553783,12.0,Low
0.47,0.47,1.2237754316221157,0.07138999608667293,3.4011973816621555,0.9979,0.3784364357202451,9.5,Low
0.55,0.17,1.3609765531356006,0.08342160813907239,3.9889840465642745,1.0004,0.4762341789963716,9.4,Low
0.43,0.39,1.1631508098056809,0.10074990310014306,3.4965075614664802,0.9986,0.4054651081081644,9.6,Low
0.5,0.59,0.8754687373538999,0.07045846364856141,3.7612001156935624,0.998,0.5187937934151675,10.5,Medium-High
0.52,0.07,0.8754687373538999,0.07138999608667293,3.044522437723423,0.9973,0.5933268452777344,9.6,Low
0.52,0.07,0.8754687373538999,0.07138999608667293,3.044522437723423,0.9973,0.5933268452777344,9.6,Low
0.42,0.31,0.9555114450274363,0.07696104113612832,3.7612001156935624,0.9978,0.49469624183610705,9.0,Low
0.57,0.06,0.9555114450274363,0.07325046173959267,3.332204510175204,0.9972,0.5306282510621704,9.6,Low
0.59,0.14,1.0986122886681098,0.08065790301745447,3.8918202981106265,0.9981,0.44468582126144574,9.7,Low
0.49,0.36,1.0296194171811581,0.20048886074940359,2.833213344056216,0.998,0.4700036292457356,9.5,Low
0.34,0.45,1.0986122886681098,0.0788111804242897,2.772588722239781,0.9988,0.5068176023684519,9.2,Low
0.34,0.45,1.0986122886681098,0.0788111804242897,2.772588722239781,0.9988,0.5068176023684519,9.2,Low
0.73,0.21,0.9932517730102833,0.07138999608667293,2.6390573296152584,0.9968,0.41871033485818504,9.5,Low
0.73,0.21,0.9932517730102833,0.07138999608667293,2.6390573296152584,0.9968,0.41871033485818504,9.5,Low
0.4,0.41,1.1631508098056809,0.08065790301745447,2.8903717578961645,0.9984,0.5128236264286639,9.3,Low
0.8,0.11,1.1939224684724346,0.08065790301745447,3.4657359027997265,0.9979,0.3920420877760237,9.9,Low
0.78,0.1,1.2809338454620642,0.07788653865707124,4.477336814478207,0.9983,0.4252677354043441,10.0,Low
0.26,0.45,1.4586150226995167,0.05826890812397577,3.912023005428146,0.9972,0.43178241642553783,9.6,Low
0.45,0.23,1.1631508098056809,0.08984070399978947,3.4011973816621555,0.9962,0.3987761199573678,10.2,Low
0.46,0.31,1.1786549963416462,0.07510747248680541,4.07753744390572,0.998,0.43178241642553783,9.8,Low
0.78,0.23,1.2809338454620642,0.05732506661926941,2.772588722239781,0.997,0.44468582126144574,11.3,Low
0.98,0.32,1.1939224684724346,0.07510747248680541,5.030437921392435,0.998,0.3920420877760237,9.4,Low
0.78,0.23,1.2809338454620642,0.05732506661926941,2.772588722239781,0.997,0.44468582126144574,11.3,Low
0.66,0.04,0.9555114450274363,0.038258712117090345,2.302585092994046,0.9962,0.3852624007906449,9.4,Low
0.38,0.48,1.0296194171811581,0.1458304482115395,2.8903717578961645,0.9976,0.7178397931503169,9.4,Low
0.92,0.24,1.2809338454620642,0.08342160813907239,4.543294782270004,0.9998,0.43178241642553783,9.8,Low
0.49,0.51,1.0986122886681098,0.35206433138104914,4.143134726391533,0.9979,0.7747271675523681,9.0,Low
0.48,0.32,1.33500106673234,0.08065790301745447,4.812184355372417,0.9984,0.4824261492442927,9.4,Low
0.47,0.31,1.308332819650179,0.08065790301745447,4.836281906951478,0.9984,0.4762341789963716,9.4,Low
0.47,0.02,0.832909122935104,0.03343477608623739,3.8066624897703196,0.9921,0.4824261492442927,12.8,Low
0.65,0.02,1.1314021114911006,0.0639133257436528,3.258096538021482,0.9972,0.5128236264286639,9.5,Low
0.615,0.28,1.4350845252893227,0.08342160813907239,4.290459441148391,1.0001,0.4252677354043441,9.7,Low
0.38,0.55,1.1314021114911006,0.06859279146561172,2.995732273553991,0.9986,0.4824261492442927,10.8,Low
1.02,0.43,1.3609765531356006,0.07325046173959267,4.48863636973214,0.9984,0.4510756193602166,10.1,Low
0.65,0.02,1.1314021114911006,0.0639133257436528,3.258096538021482,0.9972,0.5128236264286639,9.5,Low
0.64,0.02,1.1314021114911006,0.06485097231961633,3.1780538303479458,0.997,0.5128236264286639,9.4,Low
0.38,0.48,1.2809338454620642,0.07045846364856141,4.442651256490317,0.9972,0.5306282510621704,9.6,Low
0.765,0.04,0.9555114450274363,0.07510747248680541,2.70805020110221,0.998,0.43178241642553783,9.7,Low
1.035,0.15,1.9459101490553132,0.07045846364856141,4.007333185232471,0.999,0.3987761199573678,9.9,Low
0.78,0.08,1.0986122886681098,0.08892620919440151,2.995732273553991,0.9956,0.3852624007906449,10.0,Low
0.49,0.19,1.3862943611198906,0.07417939817425151,3.6375861597263857,0.9966,0.412109650826833,10.5,Low
0.545,0.12,1.252762968495368,0.0657877405380031,3.58351893845611,0.996,0.4762341789963716,11.6,Low
1.025,0.43,1.33500106673234,0.07696104113612832,4.442651256490317,0.9985,0.4510756193602166,10.1,Low
0.565,0.34,1.3862943611198906,0.08892620919440151,4.727387818712341,0.9998,0.4762341789963716,9.5,Low
0.74,0.28,1.2809338454620642,0.07510747248680541,4.356708826689592,0.998,0.412109650826833,9.8,Low
0.46,0.11,1.2809338454620642,0.07603468627599762,3.912023005428146,0.9968,0.4510756193602166,10.0,Low
0.56,0.04,1.0986122886681098,0.0788111804242897,3.1354942159291497,0.9976,0.3646431135879093,9.6,Low
0.66,0.0,1.589235205116581,0.08250122151174369,3.828641396489095,0.9976,0.43178241642553783,9.5,Low
0.56,0.04,1.0986122886681098,0.0788111804242897,3.1354942159291497,0.9976,0.3646431135879093,9.6,Low
0.48,0.24,1.3480731482996928,0.08984070399978947,4.672828834461906,0.9982,0.4252677354043441,9.2,Low
0.31,0.3,1.1631508098056809,0.05164323315183845,4.852030263919617,0.9965,0.9631743177730056,9.5,Low
0.66,0.17,1.3862943611198906,0.07417939817425151,2.6390573296152584,0.9976,0.4382549309311553,10.4,Low
0.72,0.09,1.33500106673234,0.08065790301745447,3.912023005428146,0.9994,0.5423242908253617,11.1,Low
0.57,0.02,1.0296194171811581,0.06485097231961633,2.4849066497880004,0.997,0.5187937934151675,9.5,Low
0.57,0.02,1.0296194171811581,0.06485097231961633,2.4849066497880004,0.997,0.5187937934151675,9.5,Low
0.865,0.03,1.4350845252893227,0.06859279146561172,4.07753744390572,0.995,0.3987761199573678,12.7,Low
0.55,0.66,1.1939224684724346,0.32714314133269456,3.6375861597263857,0.9982,0.5128236264286639,9.6,Low
0.875,0.13,1.4929040961781488,0.08434114843375087,2.70805020110221,0.9994,0.41871033485818504,11.5,Low
0.835,0.03,1.1314021114911006,0.0880108773227133,2.995732273553991,0.9966,0.3852624007906449,9.6,Low
0.45,0.34,1.308332819650179,0.0788111804242897,4.290459441148391,0.998,0.4700036292457356,9.5,Low
0.56,0.2,1.0986122886681098,0.07232066157962612,3.6888794541139363,0.9987,0.4824261492442927,9.3,Low
0.965,0.1,1.1314021114911006,0.10616019582839055,3.1354942159291497,0.9963,0.4054651081081644,9.5,Low
0.59,0.0,1.252762968495368,0.08892620919440151,4.07753744390572,1.0002,0.5007752879124893,9.3,Low
0.69,0.0,1.2237754316221157,0.08434114843375087,3.6635616461296463,0.999,0.4700036292457356,9.3,Low
0.76,0.29,1.6486586255873816,0.07232066157962612,2.833213344056216,0.9965,0.5187937934151675,11.5,Low
0.53,0.24,1.2809338454620642,0.07510747248680541,4.941642422609304,0.99788,0.4510756193602166,9.5,Low
0.39,0.54,1.308332819650179,0.09075436326846414,4.624972813284271,1.0001,0.412109650826833,9.5,Low
0.51,0.18,1.1314021114911006,0.06765864847381481,3.367295829986474,0.99768,0.5481214085096876,9.5,Low
0.34,0.38,1.252762968495368,0.07696104113612832,4.060443010546419,0.9978,0.3852624007906449,9.0,Low
0.5,0.18,1.1314021114911006,0.06859279146561172,3.4657359027997265,0.99761,0.5423242908253617,9.6,Low
0.51,0.18,1.1314021114911006,0.06765864847381481,3.367295829986474,0.99768,0.5481214085096876,9.5,Low
0.65,0.1,1.3609765531356006,0.08525984395082342,3.713572066704308,0.99803,0.4382549309311553,9.5,Low
0.54,0.13,1.252762968495368,0.0925791812930931,4.204692619390966,0.99785,0.4762341789963716,9.4,Low
0.65,0.1,1.3609765531356006,0.08525984395082342,3.713572066704308,0.99803,0.4382549309311553,9.5,Low
0.48,0.68,0.9932517730102833,0.3471295310952009,3.4965075614664802,0.99656,0.7227059828014898,9.1,Low
0.91,0.07,1.0647107369924282,0.05638033343610754,3.871201010907891,0.99525,0.35767444427181594,10.7,Low
0.98,0.01,1.0986122886681098,0.055434706888100586,3.5263605246161616,0.99488,0.3784364357202451,11.2,Low
0.87,0.0,1.1631508098056809,0.08065790301745447,3.4657359027997265,0.99656,0.4054651081081644,9.8,Low
0.87,0.0,1.1631508098056809,0.08065790301745447,3.4657359027997265,0.99656,0.4054651081081644,9.8,Low
0.42,0.21,1.252762968495368,0.0880108773227133,4.48863636973214,0.99823,0.41871033485818504,9.2,Low
0.58,0.25,1.33500106673234,0.07232066157962612,4.653960350157523,0.99779,0.4510756193602166,9.7,Low
0.655,0.26,1.0986122886681098,0.0916671885258238,3.58351893845611,0.99738,0.3506568716131694,9.6,Low
0.7,0.0,0.9932517730102833,0.06672363204290818,2.995732273553991,0.99701,0.4252677354043441,10.0,Low
0.68,0.11,1.33500106673234,0.08892620919440151,3.8066624897703196,0.99888,0.4382549309311553,9.5,Low
0.67,0.1,1.3862943611198906,0.08709470685093376,3.8918202981106265,0.99888,0.43178241642553783,9.5,Low
0.59,0.18,1.3609765531356006,0.08525984395082342,4.31748811353631,0.99738,0.43178241642553783,9.4,Low
0.59,0.02,1.1939224684724346,0.0788111804242897,4.553876891600541,0.99744,0.4252677354043441,9.7,Low
0.72,0.01,1.0647107369924282,0.07325046173959267,3.4965075614664802,0.99668,0.43178241642553783,9.6,Low
0.59,0.02,1.1939224684724346,0.0788111804242897,4.553876891600541,0.99744,0.4252677354043441,9.7,Low
0.685,0.26,1.2237754316221157,0.0788111804242897,4.969813299576001,0.9978,0.4382549309311553,9.4,Low
0.57,0.27,1.1939224684724346,0.0788111804242897,4.976733742420574,0.99782,0.4382549309311553,9.4,Low
0.4,0.29,1.0296194171811581,0.1458304482115395,3.8066624897703196,0.9973,0.6523251860396903,9.5,Low
1.0,0.0,1.3862943611198906,0.09712671073072274,2.833213344056216,0.99586,0.3784364357202451,10.0,Low
0.635,0.17,1.2237754316221157,0.21591750622247016,2.9444389791664403,0.9961,0.4637340162321401,10.3,Low
0.43,0.3,1.4816045409242156,0.07603468627599762,3.5553480614894135,0.99788,0.4762341789963716,10.5,Low
0.52,0.03,1.2809338454620642,0.07325046173959267,4.532599493153256,0.99745,0.4700036292457356,9.8,Low
0.57,0.0,1.0986122886681098,0.17395330712343804,3.828641396489095,0.99676,0.4700036292457356,9.4,Low
0.46,0.14,1.2237754316221157,0.10795714150509228,3.6375861597263857,0.99732,0.5007752879124893,9.8,Low
0.59,0.01,1.252762968495368,0.07417939817425151,4.454347296253507,0.99746,0.4637340162321401,9.8,Low
0.35,0.41,1.1939224684724346,0.07973496801885356,4.127134385045092,0.9982,0.4054651081081644,9.5,Low
0.56,0.24,1.1631508098056809,0.07603468627599762,4.07753744390572,0.9991,0.44468582126144574,10.1,Low
0.56,0.24,1.1631508098056809,0.07603468627599762,4.07753744390572,0.9991,0.44468582126144574,10.1,Low
0.63,0.17,1.3609765531356006,0.09440067542148432,4.787491742782046,0.998,0.41871033485818504,9.3,Low
0.37,0.43,1.2809338454620642,0.0788111804242897,4.418840607796598,0.99708,0.5187937934151675,9.7,Low
0.64,0.17,1.3609765531356006,0.08065790301745447,4.875197323201151,0.99818,0.43178241642553783,9.6,Low
0.61,0.02,1.252762968495368,0.07788653865707124,4.477336814478207,0.99745,0.4700036292457356,9.7,Low
0.6,0.0,1.2809338454620642,0.05354076692802982,2.6390573296152584,0.99639,0.44468582126144574,10.8,Low
0.27,0.54,1.1939224684724346,0.06297479916138844,3.295836866004329,0.99531,0.4252677354043441,12.5,Low
0.89,0.3,1.2809338454620642,0.1239859797809912,4.110873864173311,0.99786,0.7793248768009976,10.2,Low
0.46,0.31,1.252762968495368,0.11867152971749864,4.174387269895637,0.99746,0.5538851132264376,9.6,Low
0.37,0.44,0.9555114450274363,0.037295784743696894,3.7612001156935624,0.99526,0.5933268452777344,10.8,Medium-High
0.5,0.34,1.5260563034950492,0.0788111804242897,2.70805020110221,0.9987,0.41871033485818504,10.7,Low
0.55,0.09,1.4586150226995167,0.0657877405380031,2.8903717578961645,0.99735,0.3646431135879093,10.0,Low
0.585,0.0,0.9932517730102833,0.04305948946044697,4.465908118654584,0.99264,0.6626879730752367,12.9,Medium-High
0.56,0.08,1.252762968495368,0.10795714150509228,3.8501476017100584,0.9971,0.5068176023684519,9.6,Low
0.52,0.22,1.308332819650179,0.08065790301745447,2.9444389791664403,0.99682,0.4510756193602166,9.9,Low
0.25,0.39,1.0986122886681098,0.040181789632831734,2.3978952727983707,0.99386,0.5364933705145685,12.5,Medium-High
0.53,0.12,1.0647107369924282,0.1527210870176639,2.5649493574615367,0.99702,0.6205764877251099,9.2,Low
0.48,0.31,1.33500106673234,0.06765864847381481,2.772588722239781,0.99693,0.4382549309311553,10.3,Low
0.49,0.1,1.2809338454620642,0.0657877405380031,2.70805020110221,0.99562,0.3852624007906449,10.5,Low
0.5,0.55,1.33500106673234,0.06952606264861023,3.2188758248682006,1.00012,0.5187937934151675,10.9,Low
0.39,0.24,1.1314021114911006,0.09712671073072274,2.0794415416798357,0.99462,0.4574248470388754,11.4,Low
0.41,0.54,1.33500106673234,0.09803374027136541,3.7376696182833684,0.99939,0.5653138090500605,11.3,Low
0.66,0.15,1.4350845252893227,0.0925791812930931,4.0943445622221,0.99976,0.43178241642553783,9.6,Low
0.685,0.0,1.0647107369924282,0.09440067542148432,3.1354942159291497,0.99606,0.4700036292457356,9.7,Low
0.42,0.0,1.1314021114911006,0.046883585898850416,3.7612001156935624,0.99154,0.5538851132264376,14.0,Medium-High
0.54,0.13,1.0986122886681098,0.07325046173959267,3.6109179126442243,0.9973,0.49469624183610705,9.8,Low
0.48,0.28,1.33500106673234,0.0657877405380031,2.833213344056216,0.99682,0.4252677354043441,10.3,Low
0.27,0.34,1.1939224684724346,0.048790164169432,2.1972245773362196,0.9951,0.49469624183610705,11.0,Medium-High
0.46,0.14,1.33500106673234,0.07325046173959267,3.6375861597263857,0.99624,0.3987761199573678,10.7,Low
0.685,0.07,1.252762968495368,0.05638033343610754,2.302585092994046,0.99632,0.4382549309311553,10.9,Low
0.61,0.08,1.1314021114911006,0.06859279146561172,3.2188758248682006,0.99376,0.5709795465857378,11.1,Low
0.47,0.44,0.9555114450274363,0.13714983814723364,3.9512437185814275,0.99836,0.6205764877251099,9.9,Low
0.28,0.28,1.2237754316221157,0.011928570865273802,4.61512051684126,0.99064,0.3293037471426004,11.7,Medium-High
0.28,0.28,1.2237754316221157,0.011928570865273802,4.61512051684126,0.99064,0.3293037471426004,11.7,Medium-High
0.31,0.35,0.9555114450274363,0.07232066157962612,3.367295829986474,0.99672,0.6043159668533294,11.2,Medium-High
0.66,0.0,1.3862943611198906,0.10885440491208209,3.4657359027997265,0.99629,0.48858001481867097,10.3,Low
0.5,0.45,1.2809338454620642,0.11243542932978817,4.23410650459726,0.99708,0.5423242908253617,10.9,Low
0.685,0.35,1.0986122886681098,0.08434114843375087,4.532599493153256,0.9963,0.4824261492442927,9.4,Low
0.64,0.21,1.0296194171811581,0.07788653865707124,3.4657359027997265,0.99689,0.5068176023684519,9.8,Low
0.68,0.16,1.0296194171811581,0.07510747248680541,3.6888794541139363,0.9977,0.5306282510621704,9.9,Low
0.64,0.21,1.0296194171811581,0.07788653865707124,3.4657359027997265,0.99689,0.5068176023684519,9.8,Low
0.43,0.44,1.0647107369924282,0.08157998699242289,3.1354942159291497,0.99708,0.4382549309311553,9.5,Low
0.43,0.44,1.0647107369924282,0.08157998699242289,3.1354942159291497,0.99708,0.4382549309311553,9.5,Low
0.36,0.39,0.9162907318741551,0.07696104113612832,4.02535169073515,0.99652,0.5481214085096876,10.9,Low
0.36,0.39,0.9162907318741551,0.07696104113612832,4.02535169073515,0.99652,0.5481214085096876,10.9,Low
0.36,0.39,0.9162907318741551,0.07696104113612832,4.02535169073515,0.99652,0.5481214085096876,10.9,Low
0.26,0.34,1.252762968495368,0.07045846364856141,3.871201010907891,0.99594,0.5766133643039938,11.3,Medium-High
0.28,0.47,0.9932517730102833,0.05259245011917058,3.4965075614664802,0.99686,0.5128236264286639,10.6,Medium-High
0.62,0.06,1.308332819650179,0.07417939817425151,4.454347296253507,0.99746,0.43178241642553783,9.5,Low
0.42,0.32,1.308332819650179,0.06485097231961633,3.258096538021482,0.99628,0.3646431135879093,10.4,Low
0.62,0.06,1.252762968495368,0.07510747248680541,4.442651256490317,0.99746,0.4252677354043441,9.7,Low
0.635,0.07,1.2809338454620642,0.07417939817425151,4.465908118654584,0.99748,0.43178241642553783,9.7,Low
0.56,0.03,0.9162907318741551,0.08250122151174369,3.8501476017100584,0.99522,0.4510756193602166,10.6,Low
0.35,0.24,1.0986122886681098,0.06485097231961633,3.8918202981106265,0.99576,0.43178241642553783,10.0,Low
0.31,0.4,1.33500106673234,0.10345870836822998,2.833213344056216,0.99614,0.5822156198526637,11.8,Medium-High
0.715,0.01,1.1314021114911006,0.06203539091945264,3.784189633918261,0.99371,0.4510756193602166,11.8,Low
0.715,0.0,1.1314021114911006,0.0657877405380031,3.58351893845611,0.99533,0.5007752879124893,11.4,Low
0.31,0.29,1.410986973710262,0.17730901497041024,3.295836866004329,0.99536,0.5766133643039938,12.0,Low
0.61,0.19,1.6094379124341003,0.08984070399978947,4.248495242049359,0.99787,0.4054651081081644,10.0,Low
0.75,0.14,1.252762968495368,0.08250122151174369,3.4339872044851463,0.99824,0.49469624183610705,10.5,Low
0.8,0.12,1.2237754316221157,0.07973496801885356,3.367295829986474,0.99836,0.5007752879124893,10.4,Low
0.57,0.0,1.252762968495368,0.06952606264861023,4.174387269895637,0.99491,0.44468582126144574,11.2,Low
0.9,0.34,2.028148247292285,0.10616019582839055,4.605170185988092,1.00289,0.5187937934151675,9.3,Low
0.66,0.03,1.1939224684724346,0.07510747248680541,4.465908118654584,0.99743,0.4510756193602166,9.7,Low
0.45,0.23,1.0647107369924282,0.0788111804242897,2.9444389791664403,0.99774,0.5007752879124893,9.3,Low
0.66,0.03,1.1939224684724346,0.07510747248680541,4.465908118654584,0.99743,0.4510756193602166,9.7,Low
0.63,0.03,1.1631508098056809,0.07696104113612832,4.48863636973214,0.99745,0.4574248470388754,9.8,Low
0.59,0.01,1.1939224684724346,0.07696104113612832,3.784189633918261,0.9955,0.4574248470388754,10.7,Low
0.31,0.39,1.2237754316221157,0.07510747248680541,3.784189633918261,0.99444,0.5709795465857378,12.5,Medium-High
0.59,0.01,1.1939224684724346,0.07696104113612832,3.784189633918261,0.9955,0.4574248470388754,10.7,Low
0.31,0.39,1.2237754316221157,0.07510747248680541,3.784189633918261,0.99444,0.5709795465857378,12.5,Medium-High
0.31,0.36,1.2809338454620642,0.05448818528406963,3.6888794541139363,0.99562,0.5247285289349821,11.8,Low
0.635,0.1,1.2237754316221157,0.07696104113612832,3.5263605246161616,0.99736,0.5247285289349821,10.8,Medium-High
0.635,0.1,1.2237754316221157,0.07696104113612832,3.5263605246161616,0.99736,0.5247285289349821,10.8,Medium-High
0.59,0.06,1.9459101490553132,0.05826890812397577,2.9444389791664403,0.9962,0.4637340162321401,10.8,Medium-High
0.54,0.27,1.2809338454620642,0.08065790301745447,4.3694478524670215,0.9964,0.5364933705145685,11.0,Low
0.56,0.0,1.1631508098056809,0.07603468627599762,2.302585092994046,0.9948,0.43178241642553783,11.5,Low
0.52,0.13,1.2237754316221157,0.07510747248680541,4.127134385045092,0.99528,0.4637340162321401,10.8,Low
0.38,0.48,1.5686159179138452,0.1239859797809912,2.4849066497880004,0.99577,0.4510756193602166,13.2,Low
0.28,0.46,2.302585092994046,0.10795714150509228,2.302585092994046,0.99901,0.4700036292457356,10.9,Low
0.46,0.44,1.3609765531356006,0.06297479916138844,2.1972245773362196,0.99674,0.4824261492442927,12.2,Low
0.315,0.4,1.1631508098056809,0.07603468627599762,1.9459101490553132,0.99512,0.5128236264286639,11.9,Low
0.715,0.19,0.9162907318741551,0.14928170271575444,4.143134726391533,0.99395,0.4762341789963716,11.0,Low
0.41,0.31,2.2823823856765264,0.08065790301745447,3.828641396489095,0.99824,0.49469624183610705,10.1,Low
0.36,0.32,1.1631508098056809,0.07788653865707124,4.382026634673881,0.9964,0.5423242908253617,11.0,Low
0.62,0.12,1.0296194171811581,0.06952606264861023,3.8501476017100584,0.99504,0.636576829071551,11.8,Low
0.41,0.37,1.1939224684724346,0.08709470685093376,3.1780538303479458,0.99786,0.44468582126144574,10.5,Low
0.62,0.12,1.0296194171811581,0.06952606264861023,3.8501476017100584,0.99504,0.636576829071551,11.8,Low
0.47,0.27,1.1939224684724346,0.05354076692802982,3.367295829986474,0.99516,0.5877866649021191,11.2,Low
0.22,0.36,1.0647107369924282,0.06203539091945264,4.356708826689592,0.99604,0.6259384308664953,11.0,Medium-High
0.24,0.33,1.1939224684724346,0.05921185963184609,4.30406509320417,0.99786,0.6418538861723948,10.2,Low
0.67,0.19,1.1631508098056809,0.08892620919440151,4.330733340286331,0.99736,0.4637340162321401,9.2,Low
0.47,0.27,1.1939224684724346,0.05354076692802982,3.367295829986474,0.99516,0.5877866649021191,11.2,Low
0.33,0.38,1.4586150226995167,0.06109509935981088,2.995732273553991,0.99468,0.5481214085096876,12.0,Medium-High
0.61,0.01,1.0986122886681098,0.07138999608667293,3.6635616461296463,0.99748,0.5007752879124893,9.8,Low
0.4,0.29,1.0647107369924282,0.07510747248680541,4.204692619390966,0.9971,0.4637340162321401,9.5,Low
0.61,0.01,1.0647107369924282,0.07696104113612832,3.258096538021482,0.99746,0.5481214085096876,10.5,Low
0.3,0.38,1.1939224684724346,0.05826890812397577,4.290459441148391,0.99543,0.5423242908253617,11.8,Low
0.46,0.17,0.9555114450274363,0.07045846364856141,2.4849066497880004,0.99425,0.43178241642553783,11.4,Low
0.27,0.49,1.791759469228055,0.0788111804242897,2.8903717578961645,0.99484,0.41871033485818504,12.5,Medium-High
0.43,0.4,1.2809338454620642,0.0880108773227133,3.970291913552122,0.99834,0.49469624183610705,10.0,Medium-High
0.3,0.49,1.5686159179138452,0.08617769624105233,3.2188758248682006,0.99498,0.49469624183610705,12.1,Medium-High
0.44,0.58,1.62924053973028,0.0880108773227133,3.2188758248682006,0.99745,0.688134638736401,12.0,Medium-High
0.28,0.48,1.1314021114911006,0.08892620919440151,2.5649493574615367,0.99408,0.4824261492442927,12.4,Medium-High
0.12,0.45,1.0296194171811581,0.07232066157962612,3.091042453358316,0.99552,0.5653138090500605,11.9,Medium-High
0.12,0.45,1.0296194171811581,0.07232066157962612,3.091042453358316,0.99552,0.5653138090500605,11.9,Medium-High
0.28,0.48,1.1314021114911006,0.08892620919440151,2.5649493574615367,0.99408,0.4824261492442927,12.4,Medium-High
0.31,0.4,1.1631508098056809,0.05638033343610754,2.3978952727983707,0.99536,0.5187937934151675,11.2,Medium-High
0.34,0.48,1.1314021114911006,0.050693114315518116,2.302585092994046,0.99458,0.5247285289349821,12.1,Medium-High
0.21,0.52,1.0647107369924282,0.08617769624105233,3.1780538303479458,0.99648,0.5128236264286639,10.4,Low
0.36,0.52,1.1314021114911006,0.10526051065749295,2.3978952727983707,0.99568,0.4824261492442927,11.3,Low
0.57,0.12,1.1939224684724346,0.11332868530700317,3.6109179126442243,0.99519,0.5364933705145685,11.3,Medium-High
0.47,0.27,1.0647107369924282,0.05638033343610754,3.6635616461296463,0.99518,0.6151856390902334,11.1,Low
0.56,0.14,0.9555114450274363,0.07510747248680541,2.9444389791664403,0.99592,0.4824261492442927,9.3,Low
0.57,0.02,1.1314021114911006,0.10885440491208209,2.833213344056216,0.99654,0.5247285289349821,9.5,Low
0.47,0.27,1.0647107369924282,0.05638033343610754,3.6635616461296463,0.99518,0.6151856390902334,11.1,Low
0.66,0.2,1.1314021114911006,0.0925791812930931,4.736198448394496,0.99733,0.3920420877760237,9.2,Low
0.4,0.43,1.2237754316221157,0.0657877405380031,3.8501476017100584,0.9943,0.4700036292457356,12.2,Low
0.26,0.48,1.0647107369924282,0.0639133257436528,2.3978952727983707,0.99724,0.6259384308664953,10.9,Low
0.33,0.41,1.9315214116032138,0.07045846364856141,2.6390573296152584,0.99658,0.4824261492442927,12.1,Medium-High
0.41,0.3,1.1314021114911006,0.07973496801885356,4.290459441148391,0.997,0.41871033485818504,9.4,Low
0.59,0.29,1.2809338454620642,0.10345870836822998,4.787491742782046,0.99801,0.4054651081081644,9.1,Low
0.4,0.32,1.5260563034950492,0.05921185963184609,3.4011973816621555,0.99416,0.3987761199573678,11.3,Medium-High
0.5,0.3,1.0647107369924282,0.06297479916138844,2.8903717578961645,0.99774,0.5364933705145685,10.5,Low
0.86,0.26,1.0647107369924282,0.07603468627599762,3.367295829986474,0.99712,0.4824261492442927,10.0,Low
0.52,0.32,1.1314021114911006,0.06765864847381481,4.2626798770413155,0.99418,0.598836501088704,12.9,Low
0.5,0.3,1.0647107369924282,0.06297479916138844,2.8903717578961645,0.99774,0.5364933705145685,10.5,Low
0.58,0.0,1.0986122886681098,0.06203539091945264,2.4849066497880004,0.99562,0.4574248470388754,11.3,Low
0.36,0.3,0.9555114450274363,0.07696104113612832,4.2626798770413155,0.99693,0.4054651081081644,9.4,Low
0.39,0.12,0.9932517730102833,0.0925791812930931,3.332204510175204,0.99596,0.3987761199573678,9.4,Low
0.295,0.4,0.9162907318741551,0.07045846364856141,3.091042453358316,0.99556,0.412109650826833,10.9,Low
0.39,0.12,0.9932517730102833,0.0925791812930931,3.332204510175204,0.99596,0.3987761199573678,9.4,Low
0.34,0.28,1.0986122886681098,0.0788111804242897,4.23410650459726,0.99694,0.3920420877760237,9.4,Low
0.34,0.28,1.0986122886681098,0.0788111804242897,4.23410650459726,0.99694,0.3920420877760237,9.4,Low
0.6,0.06,1.0986122886681098,0.07603468627599762,3.7376696182833684,0.99697,0.4824261492442927,10.1,Low
0.84,0.34,0.8754687373538999,0.048790164169432,2.3978952727983707,0.99554,0.3920420877760237,9.1,Low
0.69,0.0,0.9745596399981308,0.05354076692802982,2.5649493574615367,0.99162,0.4252677354043441,12.9,Low
0.43,0.3,1.1631508098056809,0.06015392281974709,2.5649493574615367,0.99495,0.5423242908253617,11.5,Medium-High
0.43,0.29,0.9555114450274363,0.07788653865707124,3.828641396489095,0.99603,0.43178241642553783,10.3,Low
0.36,0.32,1.0296194171811581,0.06485097231961633,2.1972245773362196,0.9928,0.4382549309311553,12.8,Medium-High
0.29,0.33,1.1151415906193203,0.06109509935981088,3.332204510175204,0.99516,0.6097655716208943,11.7,Medium-High
0.3,0.34,1.0986122886681098,0.06203539091945264,3.258096538021482,0.99516,0.6097655716208943,11.7,Medium-High
0.35,0.4,1.5260563034950492,0.10436001532424277,3.2188758248682006,0.99549,0.5306282510621704,12.0,Medium-High
0.28,0.45,0.9932517730102833,0.06485097231961633,2.5649493574615367,0.99354,0.4382549309311553,12.3,Medium-High
0.32,0.31,1.0986122886681098,0.08434114843375087,2.995732273553991,0.9957,0.4382549309311553,10.4,Low
1.005,0.15,1.1314021114911006,0.09712671073072274,3.4965075614664802,0.99604,0.3920420877760237,10.0,Low
0.71,0.0,0.9555114450274363,0.0880108773227133,3.4657359027997265,0.99635,0.4574248470388754,10.0,Low
0.58,0.16,1.0986122886681098,0.11332868530700317,2.0794415416798357,0.99454,0.4574248470388754,11.2,Low
0.38,0.4,1.1631508098056809,0.0657877405380031,3.367295829986474,0.99486,0.5596157879354227,12.6,Medium-High
0.18,0.37,0.6418538861723948,0.04783732941416013,4.700480365792417,0.99007,0.3646431135879093,12.7,Low
0.5,0.14,1.0296194171811581,0.07510747248680541,3.1780538303479458,0.99636,0.4762341789963716,10.4,Low
0.36,0.66,1.2237754316221157,0.11600367575630613,2.1972245773362196,0.99642,0.4252677354043441,11.9,Low
0.36,0.66,1.2237754316221157,0.11600367575630613,2.1972245773362196,0.99642,0.4252677354043441,11.9,Low
0.51,0.09,1.1314021114911006,0.06015392281974709,2.302585092994046,0.99584,0.43178241642553783,10.5,Low
0.32,0.42,1.1939224684724346,0.0934903430873389,2.302585092994046,0.99506,0.4382549309311553,12.3,Low
0.58,0.01,1.0296194171811581,0.08434114843375087,2.9444389791664403,0.99568,0.44468582126144574,10.5,Medium-High
0.83,0.0,1.33500106673234,0.09075436326846414,3.784189633918261,0.99822,0.4700036292457356,10.4,Low
0.31,0.32,1.0647107369924282,0.0639133257436528,3.6109179126442243,0.99364,0.44468582126144574,12.6,Low
0.795,0.0,1.1631508098056809,0.06297479916138844,3.970291913552122,0.99378,0.41871033485818504,11.6,Low
0.58,0.01,1.0296194171811581,0.08434114843375087,2.9444389791664403,0.99568,0.44468582126144574,10.5,Medium-High
0.82,0.0,1.62924053973028,0.09075436326846414,2.70805020110221,0.99854,0.4252677354043441,9.6,Low
0.745,0.18,1.252762968495368,0.07417939817425151,3.8918202981106265,0.99739,0.3852624007906449,9.7,Low
0.37,0.34,1.2237754316221157,0.08157998699242289,2.8903717578961645,0.99683,0.5007752879124893,10.6,Medium-High
0.31,0.34,1.252762968495368,0.0788111804242897,3.58351893845611,0.99356,0.4637340162321401,12.5,Medium-High
0.41,0.41,1.9740810260220096,0.07510747248680541,3.7612001156935624,0.9953,0.5709795465857378,12.6,Medium-High
0.5,0.21,1.1631508098056809,0.08434114843375087,3.6888794541139363,0.99692,0.6043159668533294,11.1,Low
0.49,0.19,0.9932517730102833,0.07603468627599762,3.295836866004329,0.99547,0.49469624183610705,9.8,Low
0.39,0.33,1.4586150226995167,0.044973365642731154,3.9889840465642745,0.99294,0.4824261492442927,12.2,Low
0.44,0.0,0.8754687373538999,0.06765864847381481,3.6635616461296463,0.99438,0.4574248470388754,11.4,Low
0.78,0.0,0.9932517730102833,0.07325046173959267,3.828641396489095,0.99612,0.4824261492442927,10.7,Low
0.43,0.17,1.0296194171811581,0.0788111804242897,3.9512437185814275,0.99634,0.49469624183610705,10.4,Low
0.49,0.36,0.9932517730102833,0.07788653865707124,2.70805020110221,0.99702,0.5766133643039938,10.9,Low
0.5,0.36,1.0296194171811581,0.08065790301745447,2.8903717578961645,0.99704,0.5709795465857378,10.8,Low
0.46,0.59,0.8754687373538999,0.346422567474381,3.828641396489095,0.99702,0.8501509293696101,9.2,Low
0.605,0.05,1.2237754316221157,0.07045846364856141,3.258096538021482,0.99258,0.4382549309311553,12.9,Low
0.33,0.42,1.1939224684724346,0.06765864847381481,3.044522437723423,0.99426,0.5709795465857378,12.7,Medium-High
0.64,0.27,1.0986122886681098,0.09075436326846414,4.356708826689592,0.99747,0.4824261492442927,9.1,Low
0.48,0.53,1.6094379124341003,0.09621885774054283,2.3978952727983707,0.99586,0.4637340162321401,12.1,Medium-High
0.42,0.25,1.589235205116581,0.09893994785490356,4.51085950651685,0.99784,0.4510756193602166,9.1,Low
0.53,0.57,1.2237754316221157,0.08892620919440151,3.970291913552122,0.9971,0.5653138090500605,11.6,Medium-High
0.48,0.53,1.6094379124341003,0.09621885774054283,2.3978952727983707,0.99586,0.4637340162321401,12.1,Medium-High
0.23,0.57,1.0296194171811581,0.07138999608667293,2.1972245773362196,0.9981,0.5306282510621704,9.9,Low
0.4,0.5,1.0296194171811581,0.06859279146561172,2.833213344056216,0.99462,0.5247285289349821,12.5,Medium-High
0.38,0.44,1.0647107369924282,0.0934903430873389,2.772588722239781,0.9956,0.49469624183610705,11.4,Low
0.29,0.65,1.2237754316221157,0.07232066157962612,2.8903717578961645,0.99565,0.48858001481867097,11.8,Low
0.74,0.09,1.0986122886681098,0.06485097231961633,2.3978952727983707,0.99418,0.4510756193602166,11.8,Low
0.61,0.18,1.2237754316221157,0.07973496801885356,3.044522437723423,0.9963,0.4700036292457356,10.2,Low
0.52,0.08,1.2237754316221157,0.06765864847381481,3.295836866004329,0.99358,0.5423242908253617,12.5,Medium-High
0.31,0.53,1.1631508098056809,0.05826890812397577,2.3978952727983707,0.99572,0.6043159668533294,10.9,Medium-High
0.62,0.35,1.33500106673234,0.08250122151174369,3.970291913552122,0.997,0.4824261492442927,10.8,Low
0.33,0.45,0.9162907318741551,0.055434706888100586,3.6375861597263857,0.99498,0.636576829071551,11.1,Medium-High
0.77,0.2,2.2082744135228043,0.0934903430873389,4.532599493153256,0.99892,0.4574248470388754,9.2,Low
0.62,0.33,1.308332819650179,0.08434114843375087,3.6375861597263857,0.9972,0.4574248470388754,10.7,Low
0.32,0.56,1.0986122886681098,0.07045846364856141,2.1972245773362196,0.99534,0.5481214085096876,11.4,Low
0.37,0.65,2.0014800002101243,0.07696104113612832,2.1972245773362196,0.99817,0.4574248470388754,11.0,Low
0.3,0.68,2.2300144001592104,0.048790164169432,5.631211781821365,0.99316,0.412109650826833,12.3,Medium-High
0.3,0.68,2.2300144001592104,0.048790164169432,5.66988092298052,0.99316,0.412109650826833,12.3,Medium-High
0.38,0.3,1.0296194171811581,0.07045846364856141,4.2626798770413155,0.99685,0.4637340162321401,9.5,Low
0.42,0.45,1.2237754316221157,0.06952606264861023,4.0943445622221,0.99617,0.5709795465857378,12.0,Low
0.48,0.08,1.0296194171811581,0.07138999608667293,4.174387269895637,0.99529,0.3987761199573678,9.6,Low
0.34,0.4,1.7404661748405046,0.05354076692802982,2.302585092994046,0.99738,0.5068176023684519,11.6,Medium-High
0.19,0.42,0.9555114450274363,0.055434706888100586,3.4339872044851463,0.994,0.5247285289349821,11.2,Low
0.41,0.54,0.9162907318741551,0.09075436326846414,3.7376696182833684,0.99735,0.5653138090500605,9.9,Medium-High
0.41,0.54,0.9162907318741551,0.09075436326846414,3.7376696182833684,0.99735,0.5653138090500605,9.9,Medium-High
0.26,0.54,1.0647107369924282,0.07973496801885356,4.31748811353631,0.99451,0.48858001481867097,11.8,Medium-High
0.34,0.42,1.0986122886681098,0.08250122151174369,2.995732273553991,0.99546,0.4700036292457356,11.4,Low
0.54,0.09,1.0986122886681098,0.07788653865707124,2.833213344056216,0.99479,0.4637340162321401,11.5,Low
0.31,0.36,1.1631508098056809,0.07603468627599762,3.4657359027997265,0.99615,0.6205764877251099,12.0,Medium-High
0.725,0.09,1.8718021769015913,0.11064652008706356,2.8903717578961645,0.99655,0.3987761199573678,10.8,Low
0.725,0.09,1.8718021769015913,0.11064652008706356,2.8903717578961645,0.99655,0.3987761199573678,10.8,Low
0.52,0.38,0.9162907318741551,0.0916671885258238,2.9444389791664403,0.99666,0.41871033485818504,9.4,Low
0.34,0.42,1.1314021114911006,0.06952606264861023,3.6109179126442243,0.99392,0.5766133643039938,12.4,Low
0.49,0.27,1.1314021114911006,0.06859279146561172,3.258096538021482,0.99388,0.48858001481867097,12.0,Low
0.49,0.27,1.1314021114911006,0.06859279146561172,3.258096538021482,0.99388,0.48858001481867097,12.0,Low
0.48,0.34,1.1631508098056809,0.07045846364856141,3.258096538021482,0.9936,0.5068176023684519,12.4,Low
0.57,0.28,1.1314021114911006,0.046883585898850416,3.912023005428146,0.99374,0.4700036292457356,12.8,Low
0.3,0.41,1.0986122886681098,0.0657877405380031,3.2188758248682006,0.99523,0.6151856390902334,11.7,Medium-High
0.78,0.1,1.4586150226995167,0.08617769624105233,2.6390573296152584,0.99855,0.3987761199573678,9.5,Low
0.47,0.43,1.1314021114911006,0.1578580846155803,4.204692619390966,0.9982,0.5653138090500605,10.8,Low
0.53,0.0,0.8754687373538999,0.06765864847381481,2.70805020110221,0.99593,0.49469624183610705,10.0,Low
0.42,0.27,1.0986122886681098,0.0880108773227133,4.02535169073515,0.99471,0.49469624183610705,12.3,Medium-High
0.33,0.41,0.9162907318741551,0.05448818528406963,3.58351893845611,0.99396,0.5364933705145685,11.0,Low
0.4,0.5,1.667706820558076,0.044973365642731154,4.394449154672439,0.9902,0.5068176023684519,13.6,Low
0.69,0.07,1.252762968495368,0.08709470685093376,3.091042453358316,0.99572,0.4700036292457356,11.3,Low
0.69,0.07,1.252762968495368,0.08709470685093376,3.091042453358316,0.99572,0.4700036292457356,11.3,Low
0.69,0.07,1.252762968495368,0.08709470685093376,3.091042453358316,0.99572,0.4700036292457356,11.3,Low
0.39,0.12,1.1314021114911006,0.06297479916138844,3.2188758248682006,0.99252,0.4252677354043441,13.3,Low
0.66,0.0,1.252762968495368,0.0639133257436528,2.772588722239781,0.99256,0.4574248470388754,12.9,Low
0.54,0.34,1.252762968495368,0.07325046173959267,2.8903717578961645,0.99235,0.5423242908253617,13.1,Medium-High
0.47,0.0,0.8754687373538999,0.05354076692802982,3.5263605246161616,0.9922,0.3920420877760237,12.3,Low
0.24,0.35,0.9932517730102833,0.05354076692802982,3.332204510175204,0.99394,0.4637340162321401,11.3,Medium-High
0.76,0.0,1.3609765531356006,0.06952606264861023,3.970291913552122,0.99379,0.4700036292457356,11.5,Low
0.43,0.33,1.308332819650179,0.09075436326846414,4.499809670330265,0.9984,0.5187937934151675,10.0,Low
0.6,0.0,1.0647107369924282,0.05638033343610754,2.3978952727983707,0.9977,0.48858001481867097,10.4,Low
0.36,0.34,1.0296194171811581,0.07232066157962612,3.6635616461296463,0.9933,0.6312717768418579,13.6,Medium-High
0.48,0.07,1.8718021769015913,0.08525984395082342,2.9444389791664403,0.99684,0.5187937934151675,11.2,Medium-High
0.28,0.35,0.9932517730102833,0.05921185963184609,2.772588722239781,0.99524,0.5538851132264376,11.8,Medium-High
0.25,0.43,0.9932517730102833,0.06485097231961633,3.9318256327243257,0.9946,0.4700036292457356,11.9,Low
0.52,0.45,1.0986122886681098,0.07696104113612832,2.6390573296152584,0.99774,0.5653138090500605,11.4,Low
0.41,0.15,1.547562508716013,0.09893994785490356,4.553876891600541,0.99786,0.4574248470388754,9.1,Low
0.51,0.24,1.0986122886681098,0.07603468627599762,4.465908118654584,0.99764,0.49469624183610705,9.5,Low
0.4,0.3,0.9932517730102833,0.07696104113612832,4.382026634673881,0.9969,0.5007752879124893,9.5,Low
0.38,0.32,1.252762968495368,0.07696104113612832,4.276666119016055,0.99624,0.6151856390902334,11.0,Low
0.45,0.11,1.2237754316221157,0.042101176018635396,2.5649493574615367,0.99354,0.5007752879124893,11.4,Low
0.22,0.3,1.0296194171811581,0.06297479916138844,3.044522437723423,0.99672,0.598836501088704,10.0,Low
0.32,0.23,1.1939224684724346,0.0639133257436528,4.2626798770413155,0.99588,0.4824261492442927,10.1,Low
0.2,0.43,1.252762968495368,0.07325046173959267,3.9512437185814275,0.99672,0.5933268452777344,10.4,Low
0.5,0.12,1.0296194171811581,0.16381808522939498,3.091042453358316,0.996,0.6259384308664953,9.8,Low
0.41,0.45,1.9740810260220096,0.06859279146561172,2.70805020110221,0.99702,0.3987761199573678,11.8,Medium-High
0.39,0.42,1.0986122886681098,0.08250122151174369,3.091042453358316,0.99526,0.5068176023684519,11.6,Low
0.35,0.47,1.0986122886681098,0.05921185963184609,2.4849066497880004,0.99585,0.41871033485818504,12.0,Low
0.58,0.23,1.252762968495368,0.04305948946044697,4.2626798770413155,0.99352,0.5007752879124893,12.5,Low
0.6,0.25,1.1631508098056809,0.11154137473290741,3.6635616461296463,0.99616,0.4252677354043441,9.8,Low
0.42,0.35,1.1314021114911006,0.07973496801885356,3.6635616461296463,0.99622,0.5068176023684519,11.1,Low
0.6,0.25,1.1631508098056809,0.11154137473290741,3.6635616461296463,0.99616,0.4252677354043441,9.8,Low
0.18,0.51,1.0116009116784799,0.06859279146561172,4.48863636973214,0.99524,0.5653138090500605,11.8,Medium-High
0.51,0.18,1.1314021114911006,0.04114194333117518,4.624972813284271,0.9924,0.6259384308664953,12.9,Medium-High
0.32,0.42,1.1939224684724346,0.07232066157962612,2.995732273553991,0.99434,0.5364933705145685,11.8,Medium-High
0.785,0.24,0.9932517730102833,0.07510747248680541,3.091042453358316,0.99692,0.5128236264286639,10.0,Low
0.33,0.39,1.252762968495368,0.07138999608667293,3.8918202981106265,0.99528,0.6312717768418579,12.4,Medium-High
0.34,0.27,1.33500106673234,0.06485097231961633,3.8066624897703196,0.99384,0.44468582126144574,12.0,Low
0.5,0.29,1.1939224684724346,0.08250122151174369,2.70805020110221,0.99502,0.4824261492442927,11.5,Low
0.36,0.34,0.9555114450274363,0.06015392281974709,2.5649493574615367,0.99667,0.5128236264286639,10.5,Low
0.42,0.46,1.1314021114911006,0.07138999608667293,2.833213344056216,0.99649,0.5538851132264376,12.3,Low
0.36,0.31,0.9932517730102833,0.07603468627599762,4.189654742026425,0.99716,0.4824261492442927,9.5,Low
0.36,0.31,0.9932517730102833,0.07603468627599762,4.189654742026425,0.99716,0.4824261492442927,9.5,Low
0.61,0.0,1.1631508098056809,0.09075436326846414,4.0943445622221,0.99541,0.5306282510621704,11.5,Low
0.88,0.03,1.8870696490323797,0.07603468627599762,3.871201010907891,0.99572,0.4054651081081644,11.2,Low
0.915,0.0,1.1314021114911006,0.040181789632831734,4.3694478524670215,0.99346,0.5481214085096876,11.4,Low
0.35,0.33,1.2237754316221157,0.07325046173959267,3.871201010907891,0.99599,0.5933268452777344,11.0,Low
0.39,0.43,0.9745596399981308,0.0657877405380031,2.4849066497880004,0.99478,0.3784364357202451,11.4,Low
0.66,0.07,0.9555114450274363,0.06765864847381481,4.127134385045092,0.99572,0.4700036292457356,9.3,Low
0.64,0.23,1.1314021114911006,0.07696104113612832,4.787491742782046,0.99538,0.5306282510621704,10.9,Low
0.64,0.23,1.1314021114911006,0.07696104113612832,4.787491742782046,0.99538,0.5306282510621704,10.9,Low
0.955,0.05,1.0296194171811581,0.07232066157962612,2.995732273553991,0.99616,0.3646431135879093,9.6,Low
0.4,0.57,1.7227665977411035,0.07696104113612832,3.044522437723423,0.99652,0.4510756193602166,12.5,Low
0.885,0.0,1.1939224684724346,0.15357908792830066,2.5649493574615367,0.99551,0.412109650826833,10.8,Low
0.25,0.37,1.252762968495368,0.06109509935981088,3.7376696182833684,0.99439,0.5877866649021191,12.4,Medium-High
0.745,0.12,1.0296194171811581,0.10795714150509228,4.174387269895637,0.99588,0.4637340162321401,9.5,Low
0.43,0.22,1.0296194171811581,0.07510747248680541,4.04305126783455,0.99633,0.4700036292457356,9.5,Low
0.57,0.21,0.9162907318741551,0.06672363204290818,2.302585092994046,0.99458,0.43178241642553783,9.8,Low
0.26,0.26,1.0986122886681098,0.050693114315518116,4.356708826689592,0.9951,0.5822156198526637,10.9,Low
0.58,0.23,1.1939224684724346,0.07325046173959267,4.553876891600541,0.99686,0.4574248470388754,9.5,Low
0.57,0.21,0.9162907318741551,0.06672363204290818,2.302585092994046,0.99458,0.43178241642553783,9.8,Low
0.34,0.36,1.0647107369924282,0.06297479916138844,2.3978952727983707,0.99419,0.43178241642553783,11.2,Medium-High
0.42,0.39,1.0296194171811581,0.0657877405380031,2.5649493574615367,0.99516,0.5247285289349821,11.7,Medium-High
0.74,0.19,1.916922612182061,0.10526051065749295,4.343805421853684,0.99878,0.4382549309311553,9.4,Low
0.36,0.46,1.1314021114911006,0.07138999608667293,3.8066624897703196,0.99534,0.6151856390902334,11.0,Medium-High
0.36,0.46,1.1314021114911006,0.07138999608667293,3.8066624897703196,0.99534,0.6151856390902334,11.0,Medium-High
0.72,0.55,0.9932517730102833,0.1275133202989596,3.970291913552122,0.99752,0.6626879730752367,10.0,Low
0.36,0.46,1.1314021114911006,0.07138999608667293,3.8066624897703196,0.99534,0.6151856390902334,11.0,Medium-High
0.39,0.43,1.0986122886681098,0.06859279146561172,3.2188758248682006,0.99428,0.6259384308664953,11.2,Medium-High
0.65,0.02,1.1314021114911006,0.07510747248680541,2.772588722239781,0.99498,0.4824261492442927,10.4,Low
0.65,0.02,1.1314021114911006,0.07510747248680541,2.772588722239781,0.99498,0.4824261492442927,10.4,Low
0.33,0.46,1.0647107369924282,0.07788653865707124,2.302585092994046,0.99628,0.3920420877760237,10.4,Low
0.57,0.31,1.0986122886681098,0.07603468627599762,4.382026634673881,0.99677,0.5247285289349821,9.5,Low
0.39,0.4,0.832909122935104,0.04305948946044697,3.9318256327243257,0.99478,0.6043159668533294,10.9,Low
0.32,0.52,1.0296194171811581,0.1239859797809912,3.8066624897703196,0.99734,0.5709795465857378,11.5,Low
0.32,0.52,1.0296194171811581,0.1239859797809912,3.8066624897703196,0.99734,0.5709795465857378,11.5,Low
0.39,0.49,1.252762968495368,0.07696104113612832,3.044522437723423,0.9992,0.598836501088704,10.3,Low
0.46,0.23,1.2809338454620642,0.08709470685093376,4.356708826689592,0.99922,0.412109650826833,9.4,Low
0.58,0.03,1.62924053973028,0.07696104113612832,3.8501476017100584,0.99592,0.3852624007906449,9.2,Low
0.58,0.25,1.0986122886681098,0.09893994785490356,3.091042453358316,0.99769,0.5423242908253617,9.6,Low
0.42,0.0,1.0296194171811581,0.04305948946044697,4.48863636973214,0.99157,0.5481214085096876,13.6,Medium-High
0.43,0.29,1.1314021114911006,0.07232066157962612,4.204692619390966,0.99718,0.49469624183610705,9.5,Low
0.18,0.34,1.308332819650179,0.0639133257436528,4.07753744390572,0.9947,0.5766133643039938,11.8,Low
0.815,0.01,1.2809338454620642,0.07138999608667293,4.51085950651685,0.99621,0.4824261492442927,10.8,Low
0.43,0.29,1.1314021114911006,0.07232066157962612,4.204692619390966,0.99718,0.49469624183610705,9.5,Low
0.75,0.01,1.1631508098056809,0.05732506661926941,2.9444389791664403,0.99242,0.33647223662121295,12.8,Low
0.55,0.0,0.9932517730102833,0.06765864847381481,2.8903717578961645,0.99659,0.49469624183610705,9.4,Low
0.75,0.01,1.1631508098056809,0.05732506661926941,2.9444389791664403,0.99242,0.33647223662121295,12.8,Low
0.73,0.0,1.252762968495368,0.07788653865707124,3.2188758248682006,0.99798,0.3784364357202451,9.6,Low
0.67,0.0,1.667706820558076,0.055434706888100586,3.044522437723423,0.99488,0.44468582126144574,11.8,Low
0.61,0.2,0.9932517730102833,0.07325046173959267,4.110873864173311,0.99494,0.33647223662121295,9.3,Low
0.56,0.22,1.2237754316221157,0.0788111804242897,4.465908118654584,0.9983,0.4824261492442927,9.5,Low
0.55,0.19,1.0296194171811581,0.0788111804242897,3.5553480614894135,0.99655,0.5187937934151675,10.5,Low
0.74,0.07,0.9932517730102833,0.08250122151174369,3.8918202981106265,0.99502,0.3920420877760237,10.0,Low
0.6,0.01,1.1939224684724346,0.07603468627599762,3.6375861597263857,0.99514,0.4762341789963716,10.9,Low
0.58,0.14,1.1631508098056809,0.07417939817425151,4.110873864173311,0.9963,0.4637340162321401,9.8,Low
0.72,0.0,1.0296194171811581,0.11600367575630613,2.70805020110221,0.99627,0.4574248470388754,9.8,Low
0.66,0.0,0.8754687373538999,0.0916671885258238,2.6390573296152584,0.99569,0.4574248470388754,9.5,Low
0.7,0.06,1.0647107369924282,0.07603468627599762,3.58351893845611,0.99628,0.5247285289349821,10.9,Low
0.59,0.22,1.0296194171811581,0.0788111804242897,4.110873864173311,0.99499,0.3506568716131694,9.2,Low
0.58,0.28,1.7578579175523736,0.08157998699242289,4.248495242049359,0.99633,0.5306282510621704,11.0,Low
0.64,0.0,1.308332819650179,0.11600367575630613,3.5263605246161616,0.99538,0.48858001481867097,11.3,Low
0.635,0.68,1.0296194171811581,0.3386128011203238,4.04305126783455,0.99632,0.7654678421395714,9.3,Low
1.02,0.0,1.0986122886681098,0.07973496801885356,3.2188758248682006,0.99437,0.4382549309311553,11.2,Low
0.45,0.38,1.252762968495368,0.07788653865707124,4.204692619390966,0.99726,0.4574248470388754,9.8,Low
0.37,0.32,1.0296194171811581,0.0639133257436528,3.9512437185814275,0.99456,0.5423242908253617,11.8,Low
0.57,0.05,1.1939224684724346,0.07788653865707124,3.6109179126442243,0.99564,0.4700036292457356,10.3,Low
0.57,0.05,1.1939224684724346,0.07788653865707124,3.6109179126442243,0.99564,0.4700036292457356,10.3,Low
0.43,0.5,1.1939224684724346,0.0657877405380031,2.995732273553991,0.996,0.6259384308664953,11.4,Low
0.41,0.31,1.0986122886681098,0.07603468627599762,3.9512437185814275,0.99668,0.4382549309311553,9.5,Low
0.38,0.01,0.9555114450274363,0.046883585898850416,4.110873864173311,0.99084,0.5596157879354227,14.0,Low
0.44,0.2,0.9555114450274363,0.04783732941416013,4.174387269895637,0.9935,0.4510756193602166,11.7,Low
0.46,0.0,1.0647107369924282,0.07417939817425151,3.8066624897703196,0.99385,0.4252677354043441,11.2,Low
0.58,0.2,1.0986122886681098,0.07045846364856141,3.8066624897703196,0.99494,0.35767444427181594,9.3,Low
0.58,0.13,1.1314021114911006,0.09712671073072274,3.6109179126442243,0.9944,0.4252677354043441,11.2,Low
0.715,0.22,1.1939224684724346,0.07232066157962612,4.406719247264253,0.99688,0.43178241642553783,9.5,Low
0.4,0.4,1.9878743481543455,0.048790164169432,2.3978952727983707,0.99566,0.44468582126144574,12.0,Low
0.69,0.0,1.0647107369924282,0.10795714150509228,2.3978952727983707,0.99636,0.4700036292457356,9.7,Low
0.715,0.22,1.1939224684724346,0.07232066157962612,4.406719247264253,0.99688,0.43178241642553783,9.5,Low
0.3,0.39,0.9932517730102833,0.06015392281974709,2.302585092994046,0.9948,0.4510756193602166,11.5,Medium-High
0.46,0.2,1.0647107369924282,0.07417939817425151,4.007333185232471,0.9956,0.49469624183610705,10.4,Low
0.46,0.2,1.0647107369924282,0.07417939817425151,4.007333185232471,0.9956,0.49469624183610705,10.4,Low
0.765,0.0,1.0986122886681098,0.08065790301745447,3.1354942159291497,0.99619,0.5187937934151675,10.9,Low
0.63,0.28,1.308332819650179,0.0916671885258238,4.248495242049359,0.99734,0.48858001481867097,10.2,Low
0.42,0.19,1.1939224684724346,0.06859279146561172,3.6109179126442243,0.99476,0.44468582126144574,10.9,Low
0.37,0.5,1.0296194171811581,0.08617769624105233,3.871201010907891,0.99734,0.4510756193602166,10.5,Low
0.6,0.3,1.7047480922384253,0.0657877405380031,4.709530201312334,0.99914,0.7747271675523681,10.2,Low
0.6,0.3,1.7047480922384253,0.0657877405380031,4.709530201312334,0.99914,0.7747271675523681,10.2,Low
0.74,0.0,1.0647107369924282,0.09531017980432487,2.5649493574615367,0.99521,0.4637340162321401,11.0,Low
0.635,0.1,1.1314021114911006,0.07045846364856141,4.110873864173311,0.99638,0.5596157879354227,10.9,Low
0.395,0.13,1.2237754316221157,0.05448818528406963,3.367295829986474,0.99362,0.5128236264286639,12.4,Low
0.63,0.0,1.667706820558076,0.08892620919440151,4.363098624788363,0.99558,0.37156355643248307,9.5,Low
0.53,0.14,1.1314021114911006,0.06203539091945264,3.4011973816621555,0.99323,0.4762341789963716,12.1,Low
0.6,0.0,0.8754687373538999,0.06109509935981088,2.9444389791664403,0.99191,0.44468582126144574,12.2,Low
1.58,0.0,1.1314021114911006,0.12839321476839888,2.302585092994046,0.99476,0.33647223662121295,10.9,Low
0.645,0.0,1.1474024528375417,0.07696104113612832,3.367295829986474,0.99444,0.4762341789963716,12.5,Low
0.86,0.07,1.0986122886681098,0.09531017980432487,4.060443010546419,0.99598,0.5538851132264376,11.7,Low
0.37,0.32,1.1314021114911006,0.06203539091945264,2.772588722239781,0.99576,0.5877866649021191,11.2,Low
0.79,0.21,1.1939224684724346,0.08342160813907239,4.23410650459726,0.9955,0.3646431135879093,9.2,Low
0.61,0.26,1.0647107369924282,0.07045846364856141,4.48863636973214,0.99612,0.4252677354043441,9.8,Low
0.69,0.32,1.252762968495368,0.08434114843375087,4.5217885770490405,0.9979,0.4824261492442927,10.1,Low
0.62,0.1,0.8754687373538999,0.06859279146561172,4.1588830833596715,0.996,0.4762341789963716,9.2,Low
0.51,0.15,1.3862943611198906,0.06203539091945264,3.332204510175204,0.9929,0.4637340162321401,12.8,Low
1.18,0.21,1.0647107369924282,0.07973496801885356,3.7376696182833684,0.99532,0.3852624007906449,10.5,Low
0.63,0.27,1.0986122886681098,0.07973496801885356,4.5217885770490405,0.99616,0.4574248470388754,9.8,Low
0.74,0.0,0.7884573603642702,0.040181789632831734,3.8501476017100584,0.99258,0.4637340162321401,12.5,Low
0.76,0.68,0.9932517730102833,0.346422567474381,4.174387269895637,0.99652,0.8458682675776092,9.1,Low
0.74,0.0,0.7884573603642702,0.040181789632831734,3.8501476017100584,0.99258,0.4637340162321401,12.5,Low
0.34,0.42,1.0296194171811581,0.05638033343610754,2.9444389791664403,0.99392,0.4382549309311553,11.4,Low
0.46,0.24,0.9932517730102833,0.07417939817425151,3.5553480614894135,0.9948,0.4700036292457356,10.6,Low
0.46,0.24,0.9932517730102833,0.07417939817425151,3.5553480614894135,0.9948,0.4700036292457356,10.6,Low
0.46,0.24,0.9932517730102833,0.07417939817425151,3.5553480614894135,0.9948,0.4700036292457356,10.6,Low
0.46,0.24,0.9932517730102833,0.07417939817425151,3.5553480614894135,0.9948,0.4700036292457356,10.6,Low
0.52,0.11,1.0296194171811581,0.07045846364856141,3.6635616461296463,0.9955,0.41871033485818504,9.3,Low
0.6,0.26,1.1314021114911006,0.07973496801885356,4.5217885770490405,0.99616,0.44468582126144574,9.8,Low
0.6,0.26,1.1314021114911006,0.07973496801885356,4.5217885770490405,0.99616,0.44468582126144574,9.8,Low
0.87,0.26,1.5686159179138452,0.10165365372649983,4.219507705176107,0.99668,0.3784364357202451,9.2,Low
0.39,0.1,0.9932517730102833,0.07232066157962612,3.258096538021482,0.99581,0.35767444427181594,9.7,Low
0.775,0.22,1.1631508098056809,0.07603468627599762,3.8918202981106265,0.9976,0.412109650826833,9.6,Low
0.835,0.0,1.0986122886681098,0.15357908792830066,2.4849066497880004,0.99608,0.41871033485818504,10.0,Low
0.58,0.02,1.2237754316221157,0.06672363204290818,3.713572066704308,0.99387,0.5068176023684519,12.6,Low
0.5,0.0,0.8754687373538999,0.055434706888100586,3.295836866004329,0.99448,0.37156355643248307,9.5,Low
0.5,0.0,0.8754687373538999,0.055434706888100586,3.295836866004329,0.99448,0.37156355643248307,9.5,Low
0.5,0.0,0.8754687373538999,0.055434706888100586,3.295836866004329,0.99448,0.37156355643248307,9.5,Low
0.51,0.02,0.9932517730102833,0.08065790301745447,3.4657359027997265,0.99538,0.43178241642553783,10.5,Low
0.51,0.02,0.9932517730102833,0.08065790301745447,3.4657359027997265,0.99538,0.43178241642553783,10.5,Low
0.51,0.02,0.9932517730102833,0.08065790301745447,3.4657359027997265,0.99538,0.43178241642553783,10.5,Low
0.51,0.02,0.9932517730102833,0.08065790301745447,3.4657359027997265,0.99538,0.43178241642553783,10.5,Low
0.42,0.48,1.2809338454620642,0.07417939817425151,3.044522437723423,0.99852,0.4252677354043441,11.0,Low
0.44,0.24,1.1939224684724346,0.06109509935981088,3.367295829986474,0.99613,0.4252677354043441,10.2,Low
0.59,0.01,1.1314021114911006,0.05448818528406963,2.6390573296152584,0.99472,0.44468582126144574,11.4,Low
0.655,0.03,1.0296194171811581,0.07510747248680541,2.5649493574615367,0.99587,0.3293037471426004,9.5,Low
0.62,0.01,1.1939224684724346,0.06297479916138844,3.8501476017100584,0.99332,0.412109650826833,11.8,Low
0.645,0.03,1.0647107369924282,0.08250122151174369,4.060443010546419,0.9969,0.3784364357202451,10.3,Low
0.32,0.25,1.0296194171811581,0.08250122151174369,3.4965075614664802,0.99464,0.3646431135879093,10.1,Low
0.34,0.25,1.0296194171811581,0.08065790301745447,3.367295829986474,0.99464,0.3646431135879093,10.1,Low
0.43,0.24,1.252762968495368,0.07510747248680541,4.219507705176107,0.99648,0.4637340162321401,11.1,Low
0.64,0.17,1.8562979903656263,0.15529288440603534,4.59511985013459,0.99736,0.4054651081081644,9.5,Low
0.475,0.4,0.8754687373538999,0.08709470685093376,3.367295829986474,0.99704,0.5007752879124893,10.0333333333333,Low
0.85,0.14,1.252762968495368,0.08892620919440151,4.007333185232471,0.99724,0.43178241642553783,10.1,Low
0.475,0.4,0.8754687373538999,0.08709470685093376,3.367295829986474,0.99704,0.5007752879124893,10.0333333333333,Low
0.605,0.02,1.0647107369924282,0.0916671885258238,3.4657359027997265,0.995,0.4252677354043441,11.8,Low
0.74,0.08,0.9932517730102833,0.08984070399978947,3.828641396489095,0.99576,0.4054651081081644,9.8,Low
0.54,0.3,1.1631508098056809,0.08434114843375087,4.663439094112067,0.99725,0.7793248768009976,10.5,Low
0.77,0.32,1.1314021114911006,0.07603468627599762,4.31748811353631,0.99656,0.4054651081081644,9.8,Low
0.78,0.51,0.9932517730102833,0.3471295310952009,4.204692619390966,0.99623,0.7747271675523681,9.2,Low
0.58,0.56,1.410986973710262,0.14236724128692196,2.70805020110221,0.99476,0.708035793053696,11.6,Low
0.78,0.51,0.9932517730102833,0.3471295310952009,4.204692619390966,0.99623,0.7747271675523681,9.2,Low
0.885,0.2,0.8754687373538999,0.08250122151174369,3.4657359027997265,0.9946,0.3784364357202451,10.0,Low
0.45,0.15,1.0986122886681098,0.07510747248680541,3.367295829986474,0.99609,0.412109650826833,9.9,Low
0.57,0.02,1.2809338454620642,0.07417939817425151,3.58351893845611,0.99557,0.4824261492442927,10.8,Low
0.57,0.02,1.2809338454620642,0.07417939817425151,3.58351893845611,0.99557,0.4824261492442927,10.8,Low
0.6,0.22,1.1314021114911006,0.07696104113612832,4.663439094112067,0.99613,0.3987761199573678,9.9,Low
0.6,0.22,1.1314021114911006,0.07696104113612832,4.663439094112067,0.99613,0.3987761199573678,9.9,Low
0.755,0.15,1.0296194171811581,0.10165365372649983,4.442651256490317,0.99593,0.4054651081081644,9.5,Low
0.81,0.25,1.4816045409242156,0.07325046173959267,4.454347296253507,0.99668,0.3506568716131694,9.2,Low
0.64,0.07,1.0296194171811581,0.09531017980432487,3.1780538303479458,0.9961,0.4574248470388754,9.6,Low
0.64,0.31,1.9600947840472698,0.07973496801885356,3.912023005428146,0.99718,0.5187937934151675,10.3,Low
0.49,0.0,1.1939224684724346,0.0657877405380031,3.5263605246161616,0.99292,0.4637340162321401,12.5,Low
0.64,0.22,1.2237754316221157,0.08984070399978947,3.5263605246161616,0.99612,0.4574248470388754,11.0,Low
0.62,0.06,0.832909122935104,0.06765864847381481,2.5649493574615367,0.9942,0.3920420877760237,9.8,Low
0.52,0.25,1.0986122886681098,0.07510747248680541,4.0943445622221,0.99612,0.3920420877760237,10.2,Low
0.685,0.1,0.9555114450274363,0.0880108773227133,2.5649493574615367,0.99745,0.5007752879124893,9.55,Low
0.675,0.1,0.9555114450274363,0.08617769624105233,2.4849066497880004,0.99745,0.5007752879124893,9.55,Low
0.59,0.26,1.0986122886681098,0.07696104113612832,4.653960350157523,0.99584,0.41871033485818504,9.9,Low
0.67,0.0,1.1631508098056809,0.0657877405380031,3.2188758248682006,0.9956,0.5423242908253617,11.1,Low
0.69,0.21,1.1314021114911006,0.07696104113612832,4.955827057601261,0.9962,0.412109650826833,9.9,Low
0.3,0.42,1.0986122886681098,0.050693114315518116,3.2188758248682006,0.9963,0.598836501088704,11.9,Low
0.33,0.33,0.9932517730102833,0.05921185963184609,2.6390573296152584,0.996,0.7419373447293773,10.0,Medium-High
0.5,0.39,1.2809338454620642,0.0788111804242897,3.8501476017100584,0.9985,0.4824261492442927,10.7,Low
0.24,0.34,1.8082887711792655,0.06015392281974709,3.1354942159291497,0.9974,0.6626879730752367,10.9,Low
0.51,0.0,1.1314021114911006,0.06203539091945264,4.007333185232471,0.995,0.6575200029167941,10.7,Low
0.29,0.36,1.1631508098056809,0.046883585898850416,3.9889840465642745,0.995,0.6981347220709844,12.4,Medium-High
0.51,0.0,1.1314021114911006,0.06203539091945264,4.007333185232471,0.995,0.6575200029167941,10.7,Low
0.96,0.0,1.0296194171811581,0.0788111804242897,2.833213344056216,0.9936,0.3646431135879093,11.9,Low
0.47,0.4,1.2237754316221157,0.06859279146561172,2.995732273553991,0.9963,0.5481214085096876,10.6,Low
0.24,0.34,1.8082887711792655,0.06015392281974709,3.1354942159291497,0.9974,0.6626879730752367,10.9,Low
0.57,0.25,1.0986122886681098,0.09893994785490356,4.499809670330265,0.9963,0.6418538861723948,10.1,Low
0.32,0.59,1.1631508098056809,0.07417939817425151,2.772588722239781,0.9994,0.5766133643039938,9.6,Low
0.58,0.0,0.9555114450274363,0.06297479916138844,2.9444389791664403,0.9966,0.6097655716208943,9.4,Low
0.32,0.59,1.1631508098056809,0.07417939817425151,2.772588722239781,0.9994,0.5766133643039938,9.6,Low
0.34,0.33,1.252762968495368,0.06203539091945264,3.6375861597263857,0.9952,0.5709795465857378,12.1,Medium-High
0.53,0.01,0.9555114450274363,0.07417939817425151,2.995732273553991,0.995,0.3784364357202451,9.8,Low
0.64,0.21,1.1631508098056809,0.07417939817425151,4.897839799950911,0.9956,0.37156355643248307,9.9,Low
0.53,0.01,0.9555114450274363,0.07417939817425151,2.995732273553991,0.995,0.3784364357202451,9.8,Low
0.4,0.18,0.9555114450274363,0.07603468627599762,4.07753744390572,0.9965,0.4574248470388754,9.4,Low
0.54,0.0,1.1314021114911006,0.07603468627599762,4.02535169073515,0.9956,0.6097655716208943,11.4,Low
0.53,0.09,1.589235205116581,0.11600367575630613,3.4657359027997265,0.9968,0.5128236264286639,11.0,Low
0.41,0.33,1.252762968495368,0.07510747248680541,3.1780538303479458,0.9957,0.4574248470388754,11.2,Low
0.64,0.0,1.0647107369924282,0.06952606264861023,4.02535169073515,0.9962,0.48858001481867097,11.0,Low
0.18,0.4,1.1631508098056809,0.04783732941416013,4.219507705176107,0.996,0.6575200029167941,11.3,Low
0.41,0.24,1.0296194171811581,0.0639133257436528,3.871201010907891,0.9956,0.4824261492442927,10.4,Low
0.43,0.31,1.1314021114911006,0.06672363204290818,4.31748811353631,0.9958,0.43178241642553783,9.9,Low
0.4,0.16,1.0296194171811581,0.06672363204290818,3.258096538021482,0.9955,0.5538851132264376,10.1,Medium-High
0.54,0.37,2.797281334830153,0.19392069263730652,4.564348191467836,1.00369,0.5709795465857378,9.0,Low
0.38,0.38,0.9555114450274363,0.1561486824899313,4.51085950651685,0.99914,0.5007752879124893,8.5,Low
0.915,0.29,1.7578579175523736,0.06765864847381481,3.6888794541139363,0.99577,0.43178241642553783,11.1,Low
0.59,0.0,0.9932517730102833,0.050693114315518116,2.1972245773362196,0.996,0.3852624007906449,10.3,Low
0.67,0.02,1.1631508098056809,0.06952606264861023,4.532599493153256,0.99566,0.5187937934151675,11.066666666666698,Low
0.58,0.2,1.0116009116784799,0.05638033343610754,3.1354942159291497,0.99322,0.3987761199573678,11.7,Low
0.785,0.19,1.824549292051046,0.08984070399978947,4.59511985013459,0.99713,0.41871033485818504,9.6,Low
0.67,0.0,1.0647107369924282,0.07696104113612832,3.6888794541139363,0.99701,0.5538851132264376,9.7,Low
0.38,0.31,1.0986122886681098,0.05448818528406963,3.4011973816621555,0.99472,0.5653138090500605,11.3,Medium-High
0.37,0.32,1.0986122886681098,0.06015392281974709,3.367295829986474,0.9947,0.5481214085096876,11.3,Medium-High
0.32,0.44,1.308332819650179,0.09893994785490356,2.8903717578961645,0.99732,0.5766133643039938,11.0,Medium-High
0.58,0.02,1.0986122886681098,0.06015392281974709,3.9889840465642745,0.99374,0.5653138090500605,11.6,Medium-High
0.45,0.63,1.1631508098056809,0.07045846364856141,3.1780538303479458,0.99974,0.5247285289349821,10.9,Low
0.9,0.0,0.9555114450274363,0.050693114315518116,2.8903717578961645,0.99467,0.48858001481867097,10.9,Low
0.49,0.33,1.0647107369924282,0.07138999608667293,4.454347296253507,0.99706,0.4574248470388754,9.0,Low
0.29,0.4,0.9932517730102833,0.06485097231961633,3.044522437723423,0.99603,0.4700036292457356,10.5,Low
0.2,0.35,0.9932517730102833,0.05259245011917058,2.772588722239781,0.99458,0.5877866649021191,11.9,Medium-High
0.42,0.09,1.1939224684724346,0.05259245011917058,4.174387269895637,0.99724,0.5187937934151675,10.4,Low
0.785,0.0,1.1314021114911006,0.05826890812397577,2.6390573296152584,0.99664,0.4762341789963716,10.0,Low
0.63,0.01,1.2237754316221157,0.07325046173959267,3.6888794541139363,0.99522,0.4252677354043441,10.8,Low
0.59,0.1,0.9932517730102833,0.06109509935981088,3.9889840465642745,0.9958,0.5128236264286639,9.7,Low
0.48,0.32,1.1314021114911006,0.06015392281974709,4.007333185232471,0.99728,0.5007752879124893,10.0,Medium-High
1.04,0.08,1.1939224684724346,0.06485097231961633,3.4965075614664802,0.99648,0.4510756193602166,11.0,Low
0.48,0.32,1.1314021114911006,0.06015392281974709,4.007333185232471,0.99728,0.5007752879124893,10.0,Medium-High
0.98,0.05,1.1314021114911006,0.05921185963184609,3.912023005428146,0.99705,0.4382549309311553,9.7,Low
0.69,0.11,0.8754687373538999,0.08065790301745447,3.2188758248682006,0.99578,0.3852624007906449,9.7,Low
0.7,0.08,1.55814461804655,0.06485097231961633,2.833213344056216,0.99334,0.41871033485818504,12.6,Low
0.35,0.6,1.2809338454620642,0.07045846364856141,3.8066624897703196,0.99656,0.5822156198526637,11.1,Low
0.6,0.08,1.0296194171811581,0.06859279146561172,3.828641396489095,0.99336,0.43178241642553783,11.0,Low
0.5,0.5,2.6946271807700692,0.18647956694261833,4.418840607796598,1.00242,0.5596157879354227,8.8,Low
0.47,0.11,1.1631508098056809,0.046883585898850416,4.499809670330265,0.99182,0.6312717768418579,13.566666666666698,Medium-High
0.5,0.5,2.6946271807700692,0.18647956694261833,4.418840607796598,1.00242,0.5596157879354227,8.8,Low
0.47,0.11,1.1631508098056809,0.046883585898850416,4.499809670330265,0.99182,0.6312717768418579,13.6,Medium-High
0.875,0.05,1.9021075263969205,0.0788111804242897,2.70805020110221,0.99808,0.41871033485818504,10.2,Low
0.28,0.6,1.3862943611198906,0.09893994785490356,3.1354942159291497,0.99828,0.5187937934151675,10.6,Low
0.62,0.03,0.9162907318741551,0.07696104113612832,2.6390573296152584,0.99498,0.4824261492442927,10.1,Low
0.28,0.6,1.3862943611198906,0.09893994785490356,3.1354942159291497,0.99828,0.5187937934151675,10.6,Low
0.33,0.44,0.9162907318741551,0.04114194333117518,2.5649493574615367,0.99542,0.4762341789963716,10.7,Low
0.655,0.16,1.1314021114911006,0.07138999608667293,3.258096538021482,0.99606,0.4382549309311553,9.7,Low
0.68,0.21,1.1314021114911006,0.06765864847381481,3.1780538303479458,0.99546,0.4700036292457356,10.3,Low
0.64,0.05,1.0647107369924282,0.0639133257436528,2.8903717578961645,0.99496,0.5766133643039938,10.6,Low
0.54,0.04,0.9932517730102833,0.04783732941416013,2.6390573296152584,0.9942,0.4574248470388754,11.4,Low
0.22,0.49,1.0296194171811581,0.038258712117090345,2.9444389791664403,0.99344,0.44468582126144574,12.4,Low
0.65,0.06,0.9555114450274363,0.048790164169432,2.9444389791664403,0.99348,0.43178241642553783,11.95,Low
0.54,0.26,1.0647107369924282,0.08525984395082342,4.997212273764115,0.99636,0.4637340162321401,9.7,Low
0.31,0.09,0.8754687373538999,0.0639133257436528,3.367295829986474,0.99459,0.5306282510621704,10.0,Medium-High
0.43,0.02,1.0647107369924282,0.07696104113612832,3.367295829986474,0.99492,0.5933268452777344,10.6,Low
0.74,0.03,1.1939224684724346,0.05259245011917058,2.833213344056216,0.99508,0.48858001481867097,11.5,Low
0.74,0.03,1.1939224684724346,0.05259245011917058,2.833213344056216,0.99508,0.48858001481867097,11.5,Low
0.82,0.29,1.667706820558076,0.07973496801885356,4.174387269895637,0.99642,0.4252677354043441,9.4,Low
0.44,0.39,1.252762968495368,0.07417939817425151,2.70805020110221,0.99555,0.5247285289349821,11.0,Low
0.38,0.57,1.1939224684724346,0.10074990310014306,2.5649493574615367,0.99605,0.4382549309311553,11.4,Low
0.76,0.02,1.0296194171811581,0.07510747248680541,2.5649493574615367,0.996,0.48858001481867097,9.95,Low
0.81,0.05,1.0986122886681098,0.06765864847381481,2.70805020110221,0.99562,0.5068176023684519,10.8,Low
0.38,0.57,1.1939224684724346,0.10074990310014306,2.5649493574615367,0.99605,0.4382549309311553,11.4,Low
0.27,0.6,1.1314021114911006,0.07138999608667293,3.258096538021482,0.99814,0.5423242908253617,10.6,Low
0.18,0.4,1.0296194171811581,0.06015392281974709,3.044522437723423,0.9941,0.5306282510621704,11.1,Low
0.36,0.21,1.1631508098056809,0.045928931888399804,3.8918202981106265,0.99661,0.5709795465857378,9.7,Low
0.69,0.04,1.1314021114911006,0.0657877405380031,3.332204510175204,0.99712,0.5128236264286639,9.8,Low
0.84,0.21,1.62924053973028,0.07138999608667293,4.189654742026425,0.99842,0.5423242908253617,9.23333333333333,Low
0.84,0.21,1.62924053973028,0.07138999608667293,4.189654742026425,0.99842,0.5423242908253617,9.25,Low
0.53,0.06,1.0986122886681098,0.06109509935981088,3.8066624897703196,0.99489,0.6043159668533294,10.3,Low
0.47,0.46,1.1631508098056809,0.10795714150509228,3.044522437723423,0.99647,0.48858001481867097,10.5,Low
0.7,0.08,1.2809338454620642,0.10074990310014306,3.332204510175204,0.99665,0.4574248470388754,10.2,Low
0.32,0.25,1.1939224684724346,0.06859279146561172,4.07753744390572,0.99633,0.6780335427498971,10.6,Low
0.48,0.25,1.0986122886681098,0.07325046173959267,4.127134385045092,0.9953,0.4700036292457356,10.4,Low
0.48,0.08,1.1314021114911006,0.06203539091945264,3.5553480614894135,0.99552,0.49469624183610705,9.7,Low
0.47,0.08,1.1631508098056809,0.06203539091945264,3.6635616461296463,0.99553,0.5007752879124893,9.6,Low
0.29,0.49,1.1631508098056809,0.0916671885258238,4.0943445622221,0.99714,0.5128236264286639,10.1,Low
0.69,0.08,1.1314021114911006,0.06109509935981088,3.970291913552122,0.99608,0.4700036292457356,10.2,Low
0.44,0.09,1.1631508098056809,0.06109509935981088,2.9444389791664403,0.99444,0.5247285289349821,11.3,Low
0.705,0.1,1.33500106673234,0.07788653865707124,3.367295829986474,0.99631,0.5068176023684519,10.2,Low
0.53,0.13,1.0986122886681098,0.05638033343610754,3.1354942159291497,0.99573,0.5187937934151675,9.9,Low
0.39,0.3,1.0647107369924282,0.07138999608667293,4.442651256490317,0.99717,0.4762341789963716,9.0,Low
0.56,0.14,1.2237754316221157,0.06203539091945264,3.4011973816621555,0.99397,0.4824261492442927,11.7,Medium-High
0.55,0.13,1.1631508098056809,0.07232066157962612,3.58351893845611,0.9959,0.4637340162321401,9.7,Low
0.64,0.09,1.252762968495368,0.07788653865707124,3.295836866004329,0.99538,0.48858001481867097,12.0,Low
0.52,0.08,1.6863989535702288,0.06859279146561172,3.4965075614664802,0.99646,0.48858001481867097,11.6,Low
0.37,0.43,1.1939224684724346,0.06109509935981088,2.995732273553991,0.9955,0.5933268452777344,11.2,Medium-High
0.63,0.33,1.0296194171811581,0.05732506661926941,3.367295829986474,0.99531,0.49469624183610705,10.1,Low
0.57,0.02,1.0986122886681098,0.06952606264861023,3.295836866004329,0.99575,0.4762341789963716,10.2,Low
0.4,0.5,1.0986122886681098,0.09440067542148432,3.9318256327243257,0.99783,0.4574248470388754,10.4,Low
0.36,0.3,1.0296194171811581,0.07138999608667293,3.2188758248682006,0.99419,0.5306282510621704,11.4,Medium-High
0.67,0.0,1.1939224684724346,0.07973496801885356,3.332204510175204,0.99768,0.43178241642553783,9.4,Low
0.68,0.01,1.547562508716013,0.09803374027136541,4.007333185232471,0.99586,0.5068176023684519,11.3,Low
0.735,0.0,1.1631508098056809,0.07696104113612832,3.367295829986474,0.99765,0.4700036292457356,9.4,Low
0.56,0.17,0.9932517730102833,0.06297479916138844,3.2188758248682006,0.99514,0.5187937934151675,10.55,Medium-High
0.88,0.04,1.1631508098056809,0.0639133257436528,3.044522437723423,0.99636,0.44468582126144574,9.9,Low
0.855,0.02,1.2237754316221157,0.06015392281974709,3.1780538303479458,0.99627,0.4700036292457356,11.0,Low
0.63,0.33,2.0412203288596382,0.2110709700799405,4.7535901911063645,0.99787,0.44468582126144574,9.5,Low
0.6,0.26,1.0986122886681098,0.07696104113612832,4.882801922586371,0.99622,0.41871033485818504,9.9,Low
0.6,0.26,1.0986122886681098,0.07696104113612832,4.882801922586371,0.99622,0.41871033485818504,9.9,Low
0.6,0.26,1.0986122886681098,0.07696104113612832,4.882801922586371,0.99622,0.41871033485818504,9.9,Low
0.695,0.13,1.0986122886681098,0.07325046173959267,3.044522437723423,0.99546,0.43178241642553783,10.1,Low
0.695,0.13,1.0986122886681098,0.07325046173959267,3.044522437723423,0.99546,0.43178241642553783,10.1,Low
0.67,0.02,1.0647107369924282,0.05921185963184609,3.7612001156935624,0.99489,0.598836501088704,10.9,Low
0.16,0.64,1.1314021114911006,0.05732506661926941,3.970291913552122,0.99494,0.5364933705145685,11.2,Low
0.695,0.13,1.0986122886681098,0.07325046173959267,3.044522437723423,0.99546,0.43178241642553783,10.1,Low
0.56,0.13,0.9555114450274363,0.07417939817425151,3.7612001156935624,0.99629,0.4637340162321401,9.2,Low
0.51,0.14,1.0647107369924282,0.05448818528406963,3.5553480614894135,0.99396,0.4510756193602166,11.5,Low
0.36,0.53,1.1631508098056809,0.20701416938432615,3.58351893845611,0.9934,0.6575200029167941,12.4,Low
0.38,0.14,1.1631508098056809,0.037295784743696894,3.258096538021482,0.99514,0.5007752879124893,11.1,Low
0.69,0.32,1.1631508098056809,0.06672363204290818,4.653960350157523,0.99632,0.412109650826833,9.5,Low
0.58,0.2,1.2237754316221157,0.07232066157962612,3.9318256327243257,0.99467,0.5128236264286639,12.5,Low
0.52,0.4,1.1631508098056809,0.05826890812397577,3.044522437723423,0.99474,0.49469624183610705,11.8,Low
0.3,0.63,0.9555114450274363,0.07788653865707124,3.4011973816621555,0.99588,0.5766133643039938,10.8,Low
0.7,0.15,1.8082887711792655,0.07325046173959267,3.332204510175204,0.99622,0.4700036292457356,11.9,Low
0.67,0.15,1.0296194171811581,0.11154137473290741,3.044522437723423,0.9954,0.5128236264286639,11.3,Low
0.35,0.33,1.2237754316221157,0.0657877405380031,3.295836866004329,0.9947,0.4700036292457356,11.9,Low
0.715,0.1,1.2809338454620642,0.05164323315183845,3.332204510175204,0.99362,0.4054651081081644,11.9,Low
0.46,0.29,1.1314021114911006,0.07138999608667293,4.59511985013459,0.99578,0.4824261492442927,9.8,Low
0.32,0.44,1.2237754316221157,0.05921185963184609,3.5553480614894135,0.99484,0.5877866649021191,11.6,Medium-High
0.31,0.41,1.2237754316221157,0.06297479916138844,4.110873864173311,0.99492,0.6151856390902334,11.4,Low
0.61,0.11,1.0296194171811581,0.0639133257436528,3.367295829986474,0.99483,0.5068176023684519,10.9,Low
0.55,0.15,1.0296194171811581,0.07417939817425151,3.58351893845611,0.99314,0.598836501088704,11.6,Low
0.74,0.09,0.9932517730102833,0.08525984395082342,3.295836866004329,0.99402,0.44468582126144574,11.6,Low
0.51,0.13,1.1939224684724346,0.07325046173959267,3.713572066704308,0.99574,0.5596157879354227,11.0,Low
0.62,0.08,1.0647107369924282,0.0657877405380031,3.6635616461296463,0.99651,0.598836501088704,9.5,Low
0.6,0.08,1.0986122886681098,0.08617769624105233,3.8066624897703196,0.9949,0.4574248470388754,10.5,Low
0.55,0.1,1.1631508098056809,0.06015392281974709,3.9512437185814275,0.99512,0.5653138090500605,11.2,Low
0.645,0.12,1.0986122886681098,0.07232066157962612,3.8066624897703196,0.99547,0.5364933705145685,10.2,Low
